ZEIT;RAUMID;BEZ;PGR;BZR;PLR;STADTRAUM;E_E;E_EM;E_EW;E_E00_01;E_E01_02;E_E02_03;E_E03_05;E_E05_06;E_E06_07;E_E07_08;E_E08_10;E_E10_12;E_E12_14;E_E14_15;E_E15_18;E_E18_21;E_E21_25;E_E25_27;E_E27_30;E_E30_35;E_E35_40;E_E40_45;E_E45_50;E_E50_55;E_E55_60;E_E60_63;E_E63_65;E_E65_67;E_E67_70;E_E70_75;E_E75_80;E_E80_85;E_E85_90;E_E90_95;E_E95_110;E_EU1;E_E1U6;E_E6U15;E_E15U18;E_E18U25;E_E25U55;E_E55U65;E_E65U80;E_E80U110
202012;01011101;01;01;11;01;1;3419;1796;1623;22;26;24;60;24;22;25;27;43;20;6;28;68;188;186;268;391;268;235;176;184;203;99;75;60;104;190;181;141;51;18;6;22;134;143;28;256;1708;377;535;216
202012;01011102;01;01;11;02;1;192;121;71;0;0;3;3;0;0;0;0;3;0;3;4;4;9;6;16;26;13;13;13;12;24;12;0;3;3;7;6;9;0;0;0;0;6;6;4;13;99;36;19;9
202012;01011103;01;01;11;03;1;5211;2783;2428;39;52;59;86;28;33;48;62;68;61;34;102;110;307;187;298;497;427;356;284;354;365;240;135;148;170;232;166;146;63;30;24;39;225;306;102;417;2403;740;716;263
202012;01011104;01;01;11;04;1;4636;2563;2073;40;55;35;83;43;48;39;97;98;78;50;112;174;354;251;344;493;439;353;304;280;314;134;52;69;76;102;56;30;18;12;3;40;216;410;112;528;2464;500;303;63
202012;01011105;01;01;11;05;1;1599;882;717;16;13;6;34;23;21;6;32;16;10;3;43;30;62;45;85;204;171;143;102;133;121;40;43;28;39;44;37;31;12;6;0;16;76;88;43;92;883;204;148;49
202012;01011201;01;01;12;01;1;2573;1357;1216;7;19;18;43;22;12;16;34;34;25;18;51;72;155;89;171;278;216;162;171;167;187;100;62;69;68;107;98;55;28;9;10;7;102;139;51;227;1254;349;342;102
202012;01011202;01;01;12;02;1;646;341;305;9;9;9;12;3;3;6;7;7;0;0;19;16;31;16;43;54;62;51;46;61;52;22;21;7;23;22;18;14;3;0;0;9;33;23;19;47;333;95;70;17
202012;01011203;01;01;12;03;1;1157;610;547;11;6;9;27;13;16;3;19;20;15;13;16;21;50;22;55;148;124;103;56;102;95;31;15;17;18;39;37;31;13;9;3;11;55;86;16;71;610;141;111;56
202012;01011204;01;01;12;04;1;8312;4252;4060;60;91;97;154;70;60;61;100;84;96;32;125;137;307;265;485;1061;830;585;486;516;551;295;164;140;225;407;345;289;127;55;12;60;412;433;125;444;4228;1010;1117;483
202012;01011301;01;01;13;01;1;6967;3600;3367;67;93;92;133;61;62;46;103;102;69;41;78;100;279;276;480;1017;826;675;536;475;390;158;110;95;154;162;132;96;47;12;0;67;379;423;78;379;4285;658;543;155
202012;01011302;01;01;13;02;1;12352;6354;5998;106;122;143;227;96;101;98;208;207;244;115;317;300;438;329;647;1466;1291;1216;1046;1156;906;350;187;145;234;247;196;141;43;24;6;106;588;973;317;738;7151;1443;822;214
202012;01011303;01;01;13;03;1;9903;5213;4690;68;85;88;170;63;67;67;117;107;118;52;120;177;512;430;727;1334;1056;796;605;624;556;274;175;159;215;240;373;316;153;42;17;68;406;528;120;689;5572;1005;987;528
202012;01011304;01;01;13;04;1;9013;4289;4724;62;80;94;182;82;88;70;151;119;139;64;192;221;401;256;496;810;656;560;356;481;486;277;176;213;239;348;546;648;326;154;40;62;438;631;192;622;3615;939;1346;1168
202012;01011305;01;01;13;05;1;9422;4788;4634;96;110;84;177;87;63;69;112;106;91;34;113;160;421;265;636;1218;974;633;484;579;560;276;157;142;209;296;391;478;310;82;9;96;458;475;113;581;4789;993;1038;879
202012;01011306;01;01;13;06;1;10779;5507;5272;92;113;127;214;82;80;57;165;118;91;57;138;284;799;397;632;1247;1115;818;634;677;682;335;213;192;226;299;315;390;142;39;9;92;536;568;138;1083;5520;1230;1032;580
202012;01011401;01;01;14;01;1;17771;8993;8778;205;212;213;398;188;164;149;343;322;309;135;329;353;742;536;1204;2655;2094;1717;1522;1384;972;402;193;179;180;245;203;141;55;24;3;205;1011;1422;329;1095;11112;1567;807;223
202012;01011402;01;01;14;02;1;13443;6766;6677;161;164;152;314;143;152;139;250;264;250;119;238;221;475;359;812;1866;1661;1419;1271;1108;685;253;142;119;141;193;156;108;59;37;12;161;773;1174;238;696;8496;1080;609;216
202012;01022101;01;02;21;01;1;3450;1888;1562;30;40;36;70;21;26;25;61;55;34;18;70;86;225;168;341;473;361;230;218;184;219;131;46;42;41;80;54;41;11;10;3;30;167;219;70;311;1975;396;217;65
202012;01022102;01;02;21;02;1;6866;3748;3118;68;69;57;120;48;67;39;102;75;96;44;134;208;613;392;653;908;664;424;378;397;399;183;105;90;136;182;83;77;33;19;3;68;294;423;134;821;3816;687;491;132
202012;01022103;01;02;21;03;1;275;147;128;0;3;0;12;0;3;6;9;18;3;7;19;6;19;14;6;24;18;25;10;25;12;12;3;7;3;11;0;0;0;0;0;0;15;46;19;25;122;27;21;0
202012;01022104;01;02;21;04;1;18536;9827;8709;156;175;156;314;150;130;122;260;263;285;117;369;408;1216;843;1445;2379;1790;1292;1077;1114;1203;575;375;369;427;614;434;301;114;50;13;156;795;1177;369;1624;9940;2153;1844;478
202012;01022105;01;02;21;05;1;5235;2836;2399;46;47;52;108;47;48;42;78;85;84;42;129;173;372;260;418;627;488;371;282;320;315;138;103;91;89;144;90;88;39;16;3;46;254;379;129;545;2766;556;414;146
202012;01022106;01;02;21;06;1;11333;5599;5734;100;84;92;197;96;87;71;148;143;161;68;233;288;550;380;650;1189;831;786;649;780;934;484;275;295;351;482;411;309;140;57;12;100;469;678;233;838;5265;1693;1539;518
202012;01022201;01;02;22;01;1;10825;5771;5054;92;120;121;207;109;100;81;177;145;159;60;207;254;726;552;958;1570;1018;802;652;613;645;301;158;160;175;254;168;150;62;26;3;92;557;722;207;980;6165;1104;757;241
202012;01022202;01;02;22;02;1;5178;2738;2440;83;87;83;121;55;58;42;66;56;50;27;76;107;326;286;627;1118;626;333;235;188;158;64;32;39;50;84;42;46;13;0;0;83;346;299;76;433;3413;254;215;59
202012;01022203;01;02;22;03;1;6976;3574;3402;51;80;71;159;73;71;48;142;133;147;65;184;223;435;258;445;757;587;449;399;433;402;189;126;118;173;251;218;152;98;30;9;51;383;606;184;658;3328;717;760;289
202012;01022204;01;02;22;04;1;5935;3018;2917;59;55;51;103;46;55;43;91;76;66;38;100;114;276;222;394;611;543;458;348;452;416;188;114;116;155;248;210;165;84;31;7;59;255;369;100;390;3028;718;729;287
202012;01022205;01;02;22;05;1;3280;1668;1612;29;41;52;99;40;56;42;73;73;83;43;104;119;178;83;162;276;226;206;173;202;216;125;50;69;98;138;109;83;19;10;3;29;232;370;104;297;1328;391;414;115
202012;01022206;01;02;22;06;1;3132;1652;1480;19;25;18;55;12;35;25;34;34;52;27;72;56;148;99;198;326;302;242;210;264;231;108;75;62;82;87;105;79;37;10;3;19;110;207;72;204;1641;414;336;129
202012;01022207;01;02;22;07;1;5807;3016;2791;29;37;31;69;21;30;25;64;63;40;24;81;162;511;300;497;579;345;282;289;336;399;193;105;125;185;290;302;216;106;59;12;29;158;246;81;673;2628;697;902;393
202012;01033101;01;03;31;01;1;26381;13808;12573;296;331;296;651;306;290;295;592;540;562;290;772;879;1807;1061;1813;3093;2325;1771;1581;1539;1456;717;398;367;434;617;565;443;196;73;25;296;1584;2569;772;2686;13183;2571;1983;737
202012;01033102;01;03;31;02;1;11665;6040;5625;98;131;126;239;137;132;117;242;203;226;93;322;370;819;505;794;1365;1048;832;756;727;706;273;172;145;200;329;266;185;85;16;6;98;633;1013;322;1189;6027;1151;940;292
202012;01033201;01;03;32;01;1;14193;7110;7083;137;184;193;404;200;200;166;369;354;391;174;465;525;772;411;715;1454;1156;1051;890;801;805;378;233;237;307;432;318;257;144;61;9;137;981;1654;465;1297;6478;1416;1294;471
202012;01033202;01;03;32;02;1;10443;5149;5294;79;131;119;238;116;119;116;199;210;205;96;281;433;642;350;493;930;803;726;585;595;690;327;196;168;242;388;372;340;167;71;16;79;604;945;281;1075;4482;1213;1170;594
202012;01033203;01;03;32;03;1;14657;7842;6815;144;143;144;327;143;157;139;307;279;275;151;447;551;1049;681;1073;1661;1278;1071;936;833;822;390;203;161;239;382;279;255;93;35;9;144;757;1308;447;1600;7533;1415;1061;392
202012;01044101;01;04;41;01;1;20529;10632;9897;175;188;190;392;184;153;157;302;287;313;177;414;519;1179;782;1528;2426;1680;1382;1121;1372;1423;725;355;411;478;650;672;516;252;98;28;175;954;1389;414;1698;10291;2503;2211;894
202012;01044102;01;04;41;02;1;16506;7949;8557;162;156;181;345;141;124;129;275;239;189;108;317;344;820;522;983;1716;1250;898;819;1014;1122;606;352;352;466;742;799;698;389;183;65;162;823;1064;317;1164;7202;2080;2359;1335
202012;01044103;01;04;41;03;1;8643;4428;4215;80;89;83;152;64;53;65;116;106;112;51;194;256;573;454;761;1205;783;627;535;507;556;241;163;119;136;208;157;126;44;14;13;80;388;503;194;829;4872;960;620;197
202012;01044201;01;04;42;01;1;23685;12462;11223;215;266;275;521;255;217;216;445;466;477;240;690;828;1585;1073;1818;2846;2066;1582;1527;1362;1409;565;367;292;385;568;480;398;158;75;18;215;1317;2061;690;2413;12274;2341;1725;649
202012;01044202;01;04;42;02;1;16648;8947;7701;152;153;163;301;134;126;134;228;234;232;105;301;476;1389;977;1604;2443;1704;1190;881;906;876;396;256;215;289;338;183;158;74;24;6;152;751;1059;301;1865;9705;1528;1025;262
202012;01044203;01;04;42;03;1;15787;8271;7516;108;171;156;266;126;131;133;247;276;232;119;394;424;942;665;1180;2068;1377;1071;904;968;983;487;267;270;348;493;443;323;156;46;13;108;719;1138;394;1366;8233;1737;1554;538
202012;02010101;02;01;01;01;1;6281;3353;2928;52;69;69;115;60;47;60;102;120;104;59;181;221;379;243;473;828;572;459;421;374;394;167;103;86;129;149;99;72;38;20;16;52;313;492;181;600;3370;664;463;146
202012;02010102;02;01;01;02;1;14029;7079;6950;106;164;165;319;144;136;156;316;307;332;184;462;501;818;530;820;1446;1101;980;883;894;842;430;232;194;288;440;363;289;135;35;17;106;792;1431;462;1319;6654;1504;1285;476
202012;02010103;02;01;01;03;1;15171;7633;7538;146;163;151;328;165;152;133;319;344;348;177;481;537;891;482;815;1401;1140;1107;1080;1047;1046;462;288;213;310;445;384;340;198;57;21;146;807;1473;481;1428;7072;1796;1352;616
202012;02010104;02;01;01;04;1;5009;2510;2499;41;42;58;88;51;42;37;102;136;139;66;175;175;290;144;242;468;380;369;322;329;393;173;86;115;117;180;120;85;36;8;0;41;239;522;175;465;2254;652;532;129
202012;02020201;02;02;02;01;1;2067;1049;1018;35;22;31;67;28;31;30;47;43;30;9;33;30;62;48;97;233;270;200;129;91;101;45;45;45;88;105;51;12;6;3;0;35;148;190;33;92;1068;191;289;21
202012;02020202;02;02;02;02;1;6008;3088;2920;40;58;55;111;72;55;54;123;93;96;56;155;160;284;206;404;664;544;468;386;431;466;193;129;92;164;189;129;72;37;16;6;40;296;477;155;444;3103;788;574;131
202012;02020203;02;02;02;03;1;10969;5618;5351;118;126;116;256;100;114;97;166;187;162;72;203;210;431;361;665;1283;1143;1000;818;747;783;399;204;193;252;316;212;144;67;21;3;118;598;798;203;641;6017;1386;973;235
202012;02020204;02;02;02;04;1;12384;6397;5987;116;141;124;246;70;115;104;194;170;165;89;250;273;550;385;779;1491;1313;1110;851;886;969;427;251;197;280;334;239;162;69;19;15;116;581;837;250;823;6815;1647;1050;265
202012;02020205;02;02;02;05;1;14760;7404;7356;130;142;150;256;114;112;106;203;201;212;103;316;334;667;402;873;1585;1480;1198;1042;1186;1269;635;324;302;351;442;295;204;81;36;9;130;662;937;316;1001;7766;2228;1390;330
202012;02020206;02;02;02;06;1;18886;9476;9410;171;232;207;349;197;175;147;302;351;322;122;432;441;784;538;1077;2209;2023;1746;1328;1332;1366;642;380;315;424;492;348;252;120;41;21;171;985;1419;432;1225;10253;2388;1579;434
202012;02030301;02;03;03;01;1;8775;4598;4177;58;73;59;148;63;56;68;145;153;142;72;253;258;430;255;448;830;812;840;693;686;706;293;139;163;192;300;227;137;43;24;9;58;343;636;253;688;4564;1138;882;213
202012;02030302;02;03;03;02;1;12938;6697;6241;113;115;110;246;107;116;118;181;219;232;105;310;359;619;356;724;1362;1282;1200;983;931;946;466;275;233;257;359;297;202;86;17;12;113;578;971;310;978;6838;1687;1146;317
202012;02030401;02;03;04;01;1;14955;7767;7188;117;129;133;295;124;140;126;241;206;211;105;290;317;628;420;933;1846;1715;1498;1173;1050;1050;463;265;248;289;349;265;184;96;33;16;117;681;1029;290;945;8635;1778;1151;329
202012;02030402;02;03;04;02;1;10903;5742;5161;96;90;113;197;97;77;81;157;159;144;68;209;251;508;323;721;1338;1280;1119;817;779;746;327;192;166;185;251;211;127;52;19;3;96;497;686;209;759;6377;1265;813;201
202012;02040501;02;04;05;01;1;5451;2594;2857;27;56;40;99;33;58;36;100;78;75;46;108;119;179;124;185;432;365;299;265;339;375;218;121;113;181;257;401;395;208;91;28;27;228;393;108;298;2009;714;952;722
202012;02040502;02;04;05;02;1;7858;3889;3969;77;85;89;167;75;71;56;113;109;104;43;121;137;330;293;521;1081;885;583;414;445;456;202;127;121;133;209;306;249;167;70;19;77;416;496;121;467;4222;785;769;505
202012;02040503;02;04;05;03;1;11262;5633;5629;119;153;134;273;127;103;103;167;136;141;66;148;159;422;350;700;1690;1474;1076;727;674;542;260;145;132;177;164;265;288;175;128;44;119;687;716;148;581;6691;947;738;635
202012;02040701;02;04;07;01;1;13307;6587;6720;134;156;161;280;137;94;100;184;169;152;87;228;294;763;557;916;1692;1194;815;620;712;676;362;251;233;272;374;573;588;390;125;18;134;734;786;228;1057;6506;1289;1452;1121
202012;02040702;02;04;07;02;1;11314;5945;5369;97;100;98;172;70;87;76;160;157;149;67;166;275;663;445;749;1549;1319;1157;704;744;644;264;161;125;165;209;319;266;112;33;12;97;440;696;166;938;6667;1069;818;423
202012;02040703;02;04;07;03;1;1136;622;514;6;7;15;30;14;19;14;19;20;25;13;25;20;74;57;145;258;137;86;47;24;24;19;13;9;7;9;0;0;0;0;0;6;66;110;25;94;754;56;25;0
202012;02050601;02;05;06;01;1;9134;4853;4281;98;122;102;182;80;71;73;133;144;99;43;106;107;402;351;775;1693;1343;1036;543;508;378;158;75;70;90;79;126;101;33;13;0;98;486;563;106;509;6249;611;365;147
202012;02050602;02;05;06;02;1;22173;11481;10692;231;300;242;526;232;210;214;346;306;315;118;374;355;828;774;1665;3811;3244;2498;1603;1261;967;393;225;159;251;234;202;142;78;55;14;231;1300;1509;374;1183;14856;1585;846;289
202012;02050801;02;05;08;01;1;20872;10915;9957;252;287;266;475;200;182;144;352;287;273;106;309;353;901;896;1786;3860;3115;2117;1328;1101;805;349;193;177;176;197;183;109;66;27;0;252;1228;1344;309;1254;14203;1347;733;202
202012;02050802;02;05;08;02;1;21568;11357;10211;216;251;267;428;179;171;188;290;297;217;100;269;339;953;900;1846;3979;3289;2386;1599;1262;884;301;142;134;162;166;163;121;50;16;3;216;1125;1263;269;1292;15261;1327;625;190
202012;02050803;02;05;08;03;1;7868;4180;3688;86;91;73;183;57;82;48;112;82;98;24;89;128;413;341;717;1445;1143;752;436;379;309;166;81;76;80;106;98;81;69;17;6;86;404;446;89;541;5213;556;360;173
202012;02050804;02;05;08;04;1;4709;2386;2323;73;94;95;150;91;69;48;113;96;89;33;95;88;97;44;130;471;592;522;390;379;257;127;59;52;99;93;87;98;48;27;3;73;430;448;95;185;2528;443;331;176
202012;03010101;03;01;01;01;2;4305;2256;2049;57;66;54;120;77;42;61;83;91;81;27;69;94;137;75;121;399;455;356;256;328;312;158;102;91;111;130;153;117;48;28;6;57;317;385;69;231;1990;572;485;199
202012;03010102;03;01;01;02;2;12165;5815;6350;165;153;139;296;127;134;122;249;247;216;112;313;336;459;250;406;956;892;772;584;645;748;439;256;245;448;555;727;637;351;148;38;165;715;1080;313;795;4505;1443;1975;1174
202012;03010104;03;01;01;04;2;222;136;86;3;0;3;9;0;3;3;3;6;3;3;10;6;12;6;7;27;18;29;17;15;23;8;4;0;4;0;0;0;0;0;0;3;12;21;10;18;119;35;4;0
202012;03020203;03;02;02;03;2;2058;1056;1002;12;15;15;27;21;21;9;57;42;43;21;43;53;33;16;30;100;107;116;155;189;217;98;74;60;98;93;128;108;41;16;0;12;78;193;43;86;713;389;379;165
202012;03020209;03;02;02;09;2;15100;7288;7812;119;148;158;312;185;173;173;324;331;337;145;446;494;584;222;409;979;1102;1103;1166;1381;1282;492;327;296;367;607;561;498;257;94;28;119;803;1483;446;1078;6362;2101;1831;877
202012;03020210;03;02;02;10;2;11464;5616;5848;77;117;110;285;145;164;132;291;262;246;110;334;292;331;150;285;817;925;970;799;1050;926;455;233;219;343;390;414;361;163;68;0;77;657;1205;334;623;4996;1614;1366;592
202012;03020307;03;02;03;07;2;18419;9056;9363;137;180;219;429;217;243;205;434;420;397;198;523;511;547;208;375;1148;1400;1393;1190;1606;1803;805;488;401;564;664;699;610;282;101;22;137;1045;1897;523;1058;7320;3096;2328;1015
202012;03030405;03;03;04;05;2;11455;5519;5936;157;151;150;362;191;166;142;276;274;255;105;335;336;411;194;352;999;1045;826;638;771;837;368;222;232;262;357;418;342;209;68;4;157;854;1218;335;747;4825;1427;1269;623
202012;03030406;03;03;04;06;2;8239;4060;4179;52;64;65;146;82;78;81;168;159;166;77;212;235;228;79;98;365;476;545;517;767;887;460;246;236;345;388;437;337;178;54;11;52;357;729;212;463;2847;1593;1406;580
202012;03030711;03;03;07;11;2;6913;3422;3491;41;51;55;127;65;85;82;156;130;155;73;195;167;166;60;78;276;460;455;460;621;771;344;183;202;279;320;370;260;141;61;24;41;298;681;195;333;2410;1298;1171;486
202012;03030715;03;03;07;15;2;7779;4022;3757;69;63;83;165;96;64;93;137;142;142;73;191;238;274;149;219;592;536;481;500;644;739;349;168;185;287;351;314;236;133;53;13;69;407;651;191;512;3121;1256;1137;435
202012;03030716;03;03;07;16;2;1120;552;568;6;10;4;15;6;7;9;18;16;20;9;34;19;21;9;15;25;40;81;74;101;121;52;52;29;54;71;64;86;40;9;3;6;35;79;34;40;345;225;218;138
202012;03040508;03;04;05;08;2;4742;2366;2376;31;36;42;117;48;62;51;104;94;121;60;169;150;196;87;85;243;324;337;330;481;481;209;104;101;137;150;173;131;64;18;6;31;243;492;169;346;1887;794;561;219
202012;03040512;03;04;05;12;2;10438;5001;5437;82;118;97;194;107;91;75;190;201;190;96;281;286;353;187;294;738;754;648;686;923;890;413;228;236;301;451;539;521;219;42;7;82;516;843;281;639;4230;1531;1527;789
202012;03040513;03;04;05;13;2;3509;1702;1807;22;22;27;59;27;30;27;69;106;111;42;120;114;131;57;69;183;193;227;264;348;296;145;82;52;94;147;146;139;93;50;17;22;135;385;120;245;1341;523;439;299
202012;03040614;03;04;06;14;2;37240;17540;19700;360;432;445;915;463;449;470;882;905;828;337;944;904;1209;686;1201;3276;3234;3111;2713;2829;2531;1072;582;564;792;1026;1374;1554;745;305;102;360;2255;3871;944;2113;17050;4185;3756;2706
202012;03040818;03;04;08;18;2;35738;17103;18635;325;403;363;787;346;380;357;651;624;660;241;699;720;1232;805;1550;3693;3524;3121;2458;2629;2416;1127;613;620;882;1069;1139;1295;715;249;45;325;1899;2913;699;1952;17780;4156;3710;2304
202012;03050919;03;05;09;19;2;5096;2453;2643;47;47;63;113;51;46;39;68;74;87;39;100;117;185;106;177;437;424;352;332;416;424;189;96;98;122;190;241;241;130;42;3;47;274;353;100;302;2244;709;651;416
202012;03050920;03;05;09;20;2;7551;3595;3956;60;72;87;154;99;82;90;154;146;150;69;168;147;242;162;263;688;655;621;511;572;552;227;133;132;164;202;303;327;206;78;35;60;412;691;168;389;3472;912;801;646
202012;03050923;03;05;09;23;2;10049;5160;4889;126;140;144;240;114;130;102;196;176;144;67;180;177;398;263;536;1361;1243;953;733;674;587;269;145;137;166;202;170;156;80;34;6;126;638;815;180;575;5763;1001;675;276
202012;03050924;03;05;09;24;2;6407;3283;3124;58;83;84;171;72;57;78;146;141;130;67;170;146;282;181;296;768;736;648;475;456;395;178;82;70;98;112;104;79;34;7;3;58;410;619;170;428;3560;655;384;123
202012;03050925;03;05;09;25;2;9819;4760;5059;83;115;128;235;133;120;117;250;241;248;91;279;265;316;227;367;949;963;883;721;793;655;269;144;142;164;216;204;311;154;33;3;83;611;1067;279;581;4903;1068;726;501
202012;03051017;03;05;10;17;2;4212;2190;2022;30;48;38;88;33;37;39;73;72;67;18;76;95;207;112;190;408;380;327;274;359;402;170;68;86;116;120;143;94;30;12;0;30;207;306;76;302;2050;640;465;136
202012;03051021;03;05;10;21;2;6981;3302;3679;69;81;66;123;69;60;55;98;103;93;51;132;138;266;133;260;685;587;440;350;441;494;213;103;105;171;294;454;561;194;76;16;69;339;460;132;404;2896;810;1024;847
202012;03051022;03;05;10;22;2;4640;2098;2542;42;46;46;97;60;46;39;90;84;80;29;113;95;131;88;148;406;334;275;219;346;363;170;113;90;121;162;261;311;158;67;10;42;249;368;113;226;1816;646;634;546
202012;03061126;03;06;11;26;1;16255;8263;7992;162;220;170;343;179;150;138;259;273;257;113;258;293;673;565;1169;2405;1959;1687;1357;1147;816;264;149;131;235;263;256;176;105;57;26;162;912;1190;258;966;10289;1229;885;364
202012;03061131;03;06;11;31;1;10744;5441;5303;113;120;118;252;99;104;128;204;195;192;92;190;182;413;366;780;1456;1292;1113;1066;898;530;189;79;103;105;149;103;52;54;4;3;113;589;915;190;595;6971;798;460;113
202012;03061227;03;06;12;27;1;14632;7152;7480;149;170;125;244;138;118;102;237;229;187;76;240;228;569;478;907;2117;1681;1437;1226;1152;790;327;207;151;222;296;323;302;142;50;12;149;677;949;240;797;8998;1324;992;506
202012;03061228;03;06;12;28;1;12813;6270;6543;99;136;123;232;85;88;79;138;139;149;72;189;188;539;453;787;1871;1487;1141;791;832;787;301;180;212;222;300;441;439;205;83;25;99;576;665;189;727;7362;1268;1175;752
202012;03061332;03;06;13;32;1;22534;11320;11214;219;248;251;495;237;258;244;471;478;428;194;530;506;747;566;1247;2771;2583;2478;2404;2247;1351;438;185;185;215;242;158;93;40;22;3;219;1231;2073;530;1253;14296;1974;800;158
202012;03061429;03;06;14;29;1;9970;4570;5400;58;57;74;145;73;46;70;139;128;114;57;160;165;339;203;357;680;554;507;473;600;639;331;183;203;323;669;913;986;449;207;68;58;349;554;160;504;3374;1153;2108;1710
202012;03061430;03;06;14;30;1;3965;1991;1974;52;55;58;117;56;49;42;113;94;81;48;111;101;198;106;155;316;298;252;165;251;248;100;58;60;95;132;165;219;121;39;10;52;286;427;111;299;1543;406;452;389
202012;03061434;03;06;14;34;1;6373;3202;3171;61;66;69;128;58;57;63;119;112;84;28;94;103;231;193;428;911;811;638;489;449;394;138;83;77;104;104;124;76;55;23;3;61;321;463;94;334;3919;615;409;157
202012;03061435;03;06;14;35;1;4063;2019;2044;37;50;40;77;39;35;37;45;64;56;21;68;94;192;141;267;547;465;342;269;243;234;143;57;53;62;98;97;90;66;25;9;37;206;258;68;286;2274;434;310;190
202012;03061441;03;06;14;41;1;2825;1409;1416;36;46;37;98;58;66;48;118;112;100;34;101;64;56;34;66;222;282;383;274;190;111;33;21;21;31;25;55;52;23;24;4;36;239;478;101;120;1451;165;132;103
202012;03071536;03;07;15;36;1;11328;5781;5547;114;114;133;230;125;125;117;245;246;221;100;310;284;412;361;635;1407;1182;1183;1140;1076;727;218;101;68;111;115;109;62;41;16;0;114;602;1054;310;696;6984;1046;403;119
202012;03071537;03;07;15;37;1;15930;8063;7867;198;198;194;394;187;173;149;337;296;284;142;426;349;519;386;831;1963;1821;1503;1443;1464;1074;368;185;155;223;245;218;121;57;24;3;198;973;1381;426;868;9411;1627;841;205
202012;03071633;03;07;16;33;1;3188;1612;1576;18;44;24;62;27;39;42;71;40;52;15;67;66;110;80;146;335;286;239;198;183;204;119;87;91;110;143;130;97;42;18;3;18;157;259;67;176;1467;410;474;160
202012;03071638;03;07;16;38;1;17612;8728;8884;179;200;189;441;196;189;182;386;340;327;154;425;354;654;511;1023;2233;1874;1775;1660;1506;1018;379;183;156;204;269;249;247;97;12;0;179;1026;1578;425;1008;10582;1580;878;356
202012;03071639;03;07;16;39;1;12823;6364;6459;98;146;144;300;135;154;132;251;329;332;154;382;280;434;267;577;1340;1297;1258;1210;1283;883;281;156;128;171;206;216;161;69;26;23;98;725;1352;382;714;7232;1320;721;279
202012;04010101;04;01;01;01;2;10765;5248;5517;89;98;91;217;80;85;79;164;173;176;79;221;268;564;311;495;882;774;724;669;737;749;413;269;239;330;489;515;421;209;112;43;89;486;756;221;832;4592;1431;1573;785
202012;04010102;04;01;01;02;2;783;522;261;0;7;6;9;3;12;6;15;14;13;3;15;30;40;19;44;37;47;65;40;51;76;31;15;21;38;35;45;21;21;4;0;0;25;63;15;70;303;122;139;46
202012;04010103;04;01;01;03;2;7855;3712;4143;75;84;111;186;83;102;88;176;157;188;69;213;223;326;167;281;602;472;514;490;554;556;278;169;126;230;308;317;419;194;76;21;75;464;780;213;549;3080;1003;981;710
202012;04020204;04;02;02;04;2;178;84;94;0;0;0;0;0;0;4;8;7;12;3;15;3;6;3;7;0;11;9;16;21;10;3;6;4;9;0;12;9;0;0;0;0;0;34;15;9;67;19;25;9
202012;04020205;04;02;02;05;2;1304;657;647;3;9;12;12;6;15;7;23;17;24;19;27;52;54;21;27;70;72;78;71;118;118;59;39;40;34;86;94;60;25;6;6;3;39;105;27;106;457;216;254;97
202012;04020206;04;02;02;06;2;2832;1311;1521;18;24;23;41;21;29;28;21;22;33;12;34;34;72;39;75;148;167;143;128;140;172;114;54;78;124;244;328;273;119;55;19;18;109;145;34;106;840;340;774;466
202012;04020207;04;02;02;07;2;2569;1228;1341;13;6;15;43;24;19;13;42;46;32;21;70;51;104;59;72;142;147;165;188;216;255;116;36;49;82;111;180;126;63;51;12;13;88;173;70;155;989;407;422;252
202012;04020208;04;02;02;08;2;2963;1467;1496;6;25;15;42;32;15;33;70;60;82;33;115;106;122;37;47;95;139;141;201;256;293;115;61;67;73;176;206;177;82;27;14;6;114;293;115;228;916;469;522;300
202012;04020209;04;02;02;09;2;3140;1584;1556;15;12;15;43;25;27;29;71;56;60;27;87;156;347;144;166;163;170;177;151;199;205;97;60;52;87;144;163;121;39;22;10;15;95;270;87;503;1170;362;446;192
202012;04020310;04;02;03;10;2;806;419;387;6;16;9;18;9;9;3;7;13;10;9;25;14;131;67;85;70;32;52;27;30;21;21;12;12;13;36;18;22;6;3;0;6;52;51;25;145;363;54;79;31
202012;04020311;04;02;03;11;2;14745;7006;7739;93;83;107;224;106;108;110;199;220;208;107;332;394;607;373;502;942;835;821;877;1101;1148;509;317;351;518;1047;1110;868;382;124;22;93;520;952;332;1001;5451;1974;3026;1396
202012;04020312;04;02;03;12;2;5573;2688;2885;52;43;43;84;39;61;42;80;93;84;44;125;112;213;126;220;328;333;320;332;381;434;234;137;129;175;352;379;282;172;93;31;52;209;404;125;325;2040;805;1035;578
202012;04020313;04;02;03;13;2;7212;3461;3751;39;59;69;120;57;55;50;81;89;97;34;106;172;448;280;367;661;507;482;371;504;569;272;163;148;235;352;351;315;110;40;9;39;305;406;106;620;3172;1004;1086;474
202012;04020314;04;02;03;14;2;6;6;0;0;0;0;0;0;0;0;0;0;0;0;0;0;3;0;0;0;0;0;0;0;0;3;0;0;0;0;0;0;0;0;0;0;0;0;0;3;0;3;0;0
202012;04030415;04;03;04;15;1;3329;1694;1635;25;26;23;56;19;24;24;24;34;30;15;46;60;222;133;230;332;290;229;186;194;170;121;76;65;83;146;137;132;90;65;22;25;124;151;46;282;1594;367;431;309
202012;04030416;04;03;04;16;1;10334;5005;5329;78;99;95;224;95;80;100;170;177;178;73;288;288;523;330;486;916;788;662;676;796;771;462;249;273;341;499;305;178;80;38;16;78;513;778;288;811;4654;1482;1418;312
202012;04030417;04;03;04;17;1;10786;5193;5593;81;106;91;175;89;97;71;165;137;151;79;220;252;513;293;497;967;829;717;719;775;868;415;276;215;396;594;490;324;141;30;13;81;461;700;220;765;4797;1559;1695;508
202012;04030518;04;03;05;18;1;9637;4734;4903;76;85;79;161;61;57;55;124;109;104;55;146;205;542;395;568;1037;773;669;595;672;801;462;218;203;276;417;351;206;96;30;9;76;386;504;146;747;4709;1481;1247;341
202012;04030519;04;03;05;19;1;5930;3022;2908;43;73;48;102;36;55;39;89;69;80;34;97;138;319;213;366;696;578;433;348;388;433;224;113;129;185;229;182;139;49;3;0;43;259;366;97;457;3022;770;725;191
202012;04030620;04;03;06;20;1;8859;4286;4573;52;80;74;137;65;63;68;105;106;118;55;153;206;379;274;496;826;668;563;538;638;658;367;204;204;320;422;364;363;169;91;33;52;356;515;153;585;4003;1229;1310;656
202012;04030621;04;03;06;21;1;3429;1831;1598;30;24;23;54;17;15;27;41;46;45;18;51;86;212;177;277;504;331;226;179;231;247;93;70;51;79;133;69;44;26;3;0;30;118;192;51;298;1925;410;332;73
202012;04030622;04;03;06;22;1;10811;5316;5495;82;100;99;196;88;75;80;162;116;137;43;201;250;518;328;546;1021;887;705;695;730;760;442;241;236;379;626;533;320;141;62;12;82;483;613;201;768;4912;1443;1774;535
202012;04030623;04;03;06;23;1;5157;2499;2658;42;46;52;92;47;49;28;68;62;70;25;90;100;276;173;331;543;501;356;316;324;362;159;99;95;135;250;173;171;78;38;6;42;237;302;90;376;2544;620;653;293
202012;04030724;04;03;07;24;1;6488;3037;3451;34;44;51;94;51;45;44;77;68;79;45;128;121;296;209;259;494;456;412;375;427;477;277;184;165;246;406;379;305;134;76;30;34;240;358;128;417;2632;938;1196;545
202012;04030725;04;03;07;25;1;12142;5976;6166;89;118;92;179;111;76;67;145;184;156;95;256;319;603;378;623;1137;932;827;742;928;1056;455;306;289;452;641;466;295;89;33;3;89;500;723;256;922;5567;1817;1848;420
202012;04030726;04;03;07;26;1;5641;2732;2909;47;30;51;84;49;38;36;76;65;80;39;111;122;269;150;259;419;388;360;378;451;413;236;160;139;223;318;298;213;104;32;3;47;214;334;111;391;2405;809;978;352
202012;04030827;04;03;08;27;1;12155;6203;5952;92;104;95;176;104;80;77;143;121;171;90;226;269;721;444;728;1132;1079;851;802;845;892;484;272;280;390;594;476;266;102;31;18;92;479;682;226;990;5881;1648;1740;417
202012;04030828;04;03;08;28;1;9538;4752;4786;73;77;81;133;40;57;46;99;99;97;46;158;210;522;295;516;866;725;631;576;765;757;417;264;233;342;573;428;284;82;30;16;73;331;444;158;732;4374;1438;1576;412
202012;04030929;04;03;09;29;1;5964;2901;3063;32;48;40;84;30;35;47;84;88;87;33;112;107;211;166;296;501;403;404;393;462;538;279;164;156;219;341;310;196;55;36;7;32;202;374;112;318;2625;981;1026;294
202012;04030930;04;03;09;30;1;5597;2860;2737;45;53;27;77;39;42;32;71;61;65;39;114;119;197;116;198;425;340;343;380;476;509;285;139;173;207;373;355;183;82;22;10;45;196;310;114;316;2278;933;1108;297
202012;04030931;04;03;09;31;1;3581;1862;1719;27;38;22;54;23;35;23;51;51;43;34;45;77;133;75;167;333;288;233;250;252;284;160;99;78;123;210;191;118;49;12;3;27;137;237;45;210;1598;543;602;182
202012;04031032;04;03;10;32;1;15602;7635;7967;99;141;114;258;117;106;81;205;204;189;81;284;358;610;426;699;1324;1160;1010;942;1174;1199;643;378;401;641;893;867;622;239;92;45;99;630;866;284;968;6735;2220;2802;998
202012;04041133;04;04;11;33;2;110;71;39;0;0;0;0;0;0;0;0;0;0;0;0;6;9;4;10;12;13;10;10;14;10;3;0;3;0;6;0;0;0;0;0;0;0;0;0;15;73;13;9;0
202012;04041134;04;04;11;34;2;5470;2638;2832;27;41;44;111;59;48;50;116;93;107;45;154;100;208;107;167;306;344;335;364;398;377;196;118;122;192;323;362;294;146;76;40;27;255;459;154;308;2021;691;999;556
202012;04041135;04;04;11;35;2;2786;1320;1466;25;24;27;44;30;19;27;54;50;42;19;86;68;70;40;39;95;147;169;151;226;226;118;65;69;74;200;245;180;100;33;24;25;125;211;86;138;867;409;588;337
202012;04041136;04;04;11;36;2;3173;1476;1697;12;39;19;62;27;33;31;45;44;50;32;90;70;82;52;70;161;127;174;203;239;261;139;71;78;117;190;293;205;75;58;24;12;147;235;90;152;1026;471;678;362
202012;04041137;04;04;11;37;2;8264;3876;4388;55;70;63;122;75;42;59;142;109;119;57;140;211;358;200;332;560;622;522;515;621;667;345;193;181;295;447;516;381;162;53;30;55;330;528;140;569;3372;1205;1439;626
202012;04041238;04;04;12;38;2;6081;2798;3283;46;65;62;99;65;56;51;111;111;119;58;139;157;239;103;141;320;356;398;365;455;439;220;132;122;234;346;388;361;172;94;57;46;291;506;139;396;2138;791;1090;684
202012;04041239;04;04;12;39;2;1038;549;489;15;19;24;19;9;13;12;22;12;15;4;24;20;63;22;80;162;139;78;43;46;43;30;15;18;15;39;28;6;3;0;0;15;71;78;24;83;570;88;100;9
202012;04041240;04;04;12;40;2;1513;694;819;7;3;12;22;6;17;12;17;30;28;16;36;53;49;24;25;36;51;66;98;127;127;52;28;39;55;146;151;100;61;16;3;7;43;120;36;102;427;207;391;180
202012;04041241;04;04;12;41;2;7023;3195;3828;56;39;40;110;54;46;54;95;115;100;51;160;152;277;124;217;350;379;374;464;544;623;295;170;169;298;506;526;377;167;70;21;56;243;461;160;429;2452;1088;1499;635
202012;04041342;04;04;13;42;2;4178;1948;2230;25;35;32;51;34;24;32;56;49;62;16;63;60;131;72;126;251;237;214;198;279;317;204;139;157;215;355;342;264;90;33;15;25;152;239;63;191;1377;660;1069;402
202012;04041343;04;04;13;43;2;3574;1664;1910;21;34;27;59;28;30;19;58;49;65;12;60;89;133;81;136;216;233;205;207;294;306;153;81;123;149;240;238;137;51;31;9;21;148;233;60;222;1372;540;750;228
202012;04041344;04;04;13;44;2;10593;4877;5716;79;76;81;155;106;68;67;139;177;148;90;245;274;451;213;341;658;671;599;661;881;925;430;267;251;401;635;654;523;199;95;33;79;418;689;245;725;4024;1622;1941;850
202012;04051445;04;05;14;45;1;6496;3106;3390;64;62;69;108;56;42;56;93;87;100;46;134;144;312;199;309;561;481;411;391;461;509;279;153;154;217;336;328;205;91;32;6;64;295;424;134;456;2813;941;1035;334
202012;04051446;04;05;14;46;1;11048;5417;5631;80;90;73;183;81;90;82;157;140;154;75;221;231;416;275;479;921;807;714;637;793;911;465;253;258;450;688;629;434;172;66;23;80;427;698;221;647;4626;1629;2025;695
202012;04051447;04;05;14;47;1;5283;2534;2749;34;41;29;78;31;42;30;67;58;63;27;103;131;208;154;200;406;380;290;314;378;424;237;129;115;186;309;311;266;140;63;39;34;179;287;103;339;2122;790;921;508
202012;04051448;04;05;14;48;1;9334;4666;4668;58;72;77;132;65;52;65;103;123;111;35;144;179;376;237;408;751;734;569;604;746;728;422;260;221;348;539;532;386;166;70;21;58;346;489;144;555;4049;1410;1640;643
202012;04051549;04;05;15;49;1;4715;2347;2368;52;54;43;109;43;47;34;74;79;69;35;104;136;233;141;266;457;365;321;303;340;328;170;89;91;156;195;167;128;49;25;12;52;249;338;104;369;2193;587;609;214
202012;04051550;04;05;15;50;1;5625;2777;2848;36;47;52;82;42;43;43;67;95;102;36;112;144;307;169;274;504;440;378;362;436;499;198;122;133;201;280;202;134;55;18;12;36;223;386;112;451;2563;819;816;219
202012;04051551;04;05;15;51;1;4436;2183;2253;31;43;37;81;34;37;34;75;58;70;28;112;102;207;156;231;395;318;312;253;293;359;179;123;102;139;233;191;133;47;10;13;31;195;302;112;309;1958;661;665;203
202012;04051652;04;05;16;52;1;9834;4671;5163;49;98;84;157;75;61;64;146;121;154;52;212;257;413;241;420;795;648;616;627;721;801;403;232;233;394;595;527;393;146;65;34;49;414;598;212;670;4068;1436;1749;638
202012;04051653;04;05;16;53;1;6913;3444;3469;31;50;46;91;50;40;56;75;97;98;49;119;149;321;152;299;564;454;418;432;541;575;279;179;156;280;451;381;308;124;35;13;31;237;415;119;470;2860;1033;1268;480
202012;04051654;04;05;16;54;1;3071;1458;1613;21;21;16;37;19;24;16;31;39;35;15;44;44;136;97;158;271;242;165;176;207;222;131;62;70;118;191;169;157;82;27;28;21;93;160;44;180;1316;415;548;294
202012;04051655;04;05;16;55;1;7489;3731;3758;63;73;76;122;53;83;75;109;112;103;58;148;174;370;204;395;743;590;543;439;560;523;277;168;161;217;370;311;215;105;40;9;63;324;540;148;544;3474;968;1059;369
202012;04051656;04;05;16;56;1;7572;3678;3894;51;55;58;129;43;63;52;133;140;129;59;183;185;342;218;312;682;569;531;472;578;597;266;191;185;264;364;353;233;86;40;9;51;285;576;183;527;3362;1054;1166;368
202012;04061757;04;06;17;57;2;62;43;19;0;0;0;0;0;0;0;0;0;3;0;3;0;9;0;0;0;0;6;0;14;0;7;7;0;3;3;7;0;0;0;0;0;0;3;3;9;20;14;13;0
202012;05010101;05;01;01;01;2;10672;5076;5596;83;125;119;244;116;95;92;196;219;199;69;271;285;410;229;340;807;744;685;616;674;815;400;221;199;356;461;530;485;305;213;69;83;604;870;271;695;4095;1436;1546;1072
202012;05010102;05;01;01;02;2;8500;4112;4388;109;107;134;226;72;87;49;133;136;115;62;138;224;483;239;432;826;611;476;398;501;609;287;161;201;267;428;420;352;142;60;15;109;539;582;138;707;3483;1057;1316;569
202012;05010103;05;01;01;03;2;7608;3709;3899;49;61;70;113;63;54;63;124;98;126;56;177;194;280;189;258;509;454;407;396;592;678;386;214;205;289;473;429;357;158;60;26;49;307;521;177;474;2805;1278;1396;601
202012;05010204;05;01;02;04;2;3619;1680;1939;15;39;40;89;49;57;54;87;104;104;45;147;139;174;64;99;197;224;194;155;207;218;148;71;75;110;143;204;176;88;84;19;15;217;451;147;313;1140;437;532;367
202012;05010205;05;01;02;05;2;2314;1118;1196;10;21;12;35;7;7;21;27;32;39;27;65;72;133;69;108;149;126;117;137;200;300;114;78;61;63;71;87;64;40;22;0;10;75;153;65;205;906;492;282;126
202012;05010206;05;01;02;06;2;10703;5189;5514;99;136;127;244;130;140;106;221;221;207;121;312;316;444;252;418;716;671;598;587;669;763;394;211;240;320;514;672;577;222;48;7;99;637;1016;312;760;3911;1368;1746;854
202012;05010207;05;01;02;07;2;11547;5543;6004;93;127;120;270;111;134;135;262;247;259;136;360;374;528;234;433;760;722;723;668;775;820;477;253;284;330;500;515;545;265;72;15;93;628;1173;360;902;4315;1550;1629;897
202012;05010208;05;01;02;08;2;7709;3747;3962;56;82;79;158;67;81;83;149;145;115;41;142;191;403;238;426;719;597;470;451;564;591;302;160;141;198;315;294;298;106;35;12;56;386;614;142;594;3465;1053;948;451
202012;05010209;05;01;02;09;2;6068;3006;3062;40;43;46;102;55;48;51;100;98;89;46;158;180;244;121;192;339;346;347;360;484;544;261;160;169;254;353;322;324;140;46;6;40;246;432;158;424;2189;965;1098;516
202012;05010310;05;01;03;10;2;4025;2005;2020;27;36;57;85;33;51;34;70;76;70;30;96;96;254;135;229;367;285;253;236;285;269;175;104;68;114;153;148;104;59;19;7;27;211;331;96;350;1790;548;483;189
202012;05010311;05;01;03;11;2;5756;2729;3027;49;61;52;117;63;60;66;106;150;122;64;204;180;224;118;192;392;356;343;350;323;346;182;89;101;159;214;269;315;258;168;63;49;293;568;204;404;2074;617;743;804
202012;05010312;05;01;03;12;2;7335;3888;3447;63;107;81;186;86;93;75;156;186;166;64;180;239;471;237;409;783;633;506;447;467;495;234;113;116;164;225;175;114;43;17;4;63;460;740;180;710;3482;842;680;178
202012;05010313;05;01;03;13;2;6753;3474;3279;60;74;71;168;62;70;59;131;120;95;54;173;217;398;228;373;683;532;418;377;530;504;267;135;141;176;217;182;146;61;18;13;60;375;529;173;615;3141;906;716;238
202012;05010314;05;01;03;14;2;12340;6082;6258;104;154;120;280;101;121;98;193;175;195;90;282;328;680;373;624;1158;959;827;711;936;961;486;263;257;378;473;444;312;172;73;12;104;655;872;282;1008;5588;1710;1552;569
202012;05010339;05;01;03;39;2;957;509;448;11;14;18;36;22;21;28;43;26;32;19;42;33;46;31;46;95;69;60;52;55;31;9;13;13;31;23;19;9;10;0;0;11;90;169;42;79;408;53;86;19
202012;05020415;05;02;04;15;2;3839;1940;1899;18;33;28;65;41;21;43;66;82;78;45;121;145;197;66;79;159;180;204;234;429;525;228;125;95;154;137;103;77;45;13;3;18;167;335;121;342;1351;878;489;138
202012;05020416;05;02;04;16;2;1694;814;880;6;3;12;20;15;12;14;16;24;18;7;33;49;51;33;54;104;86;78;76;145;189;65;34;45;87;134;116;110;39;12;7;6;50;91;33;100;576;288;382;168
202012;05020417;05;02;04;17;2;5780;2892;2888;28;47;46;97;40;63;40;83;69;122;52;154;180;255;109;156;317;327;291;359;457;593;278;137;155;200;346;331;278;120;47;3;28;230;429;154;435;2016;1008;1032;448
202012;05020418;05;02;04;18;2;4386;2177;2209;36;37;39;112;51;36;44;105;92;104;57;140;153;188;131;181;294;296;258;252;286;280;127;74;85;133;228;251;199;75;30;12;36;239;438;140;341;1698;481;697;316
202012;05020419;05;02;04;19;2;7200;3354;3846;68;86;97;159;77;78;68;172;147;103;70;159;164;285;163;302;500;450;404;356;440;460;299;148;132;226;369;528;472;171;41;6;68;419;638;159;449;2615;907;1255;690
202012;05020420;05;02;04;20;2;1170;592;578;16;12;16;24;16;15;15;33;28;36;9;24;43;75;26;46;89;67;80;66;105;107;62;25;19;24;34;34;12;0;12;0;16;68;136;24;118;479;194;111;24
202012;05020521;05;02;05;21;2;3254;1571;1683;18;39;30;72;45;27;40;79;77;87;47;114;138;164;60;84;149;216;249;244;282;289;131;60;39;79;124;96;100;44;25;6;18;186;357;114;302;1284;480;338;175
202012;05020522;05;02;05;22;2;7571;3685;3886;64;87;92;202;100;104;104;231;198;205;88;247;216;320;195;255;554;506;498;438;499;499;257;160;143;197;346;309;303;126;28;0;64;481;930;247;536;2945;916;995;457
202012;05020523;05;02;05;23;2;12398;6024;6374;93;148;187;422;200;187;188;382;391;372;157;534;457;584;307;462;801;837;760;706;748;708;398;193;236;343;498;483;394;153;50;19;93;957;1677;534;1041;4621;1299;1560;616
202012;05020524;05;02;05;24;2;6241;2988;3253;32;58;57;116;48;36;27;76;84;94;50;116;165;237;106;169;346;323;287;311;410;561;308;185;171;246;414;504;430;184;72;18;32;279;367;116;402;1952;1054;1335;704
202012;05020625;05;02;06;25;2;7858;3849;4009;64;75;93;133;77;49;56;135;112;95;42;162;215;437;224;349;709;590;444;423;507;537;297;164;163;236;356;406;403;193;93;19;64;378;489;162;652;3246;998;1161;708
202012;05020626;05;02;06;26;2;18268;9066;9202;137;179;186;333;155;163;137;319;289;259;137;402;476;945;583;962;1653;1349;1169;1142;1362;1464;727;367;353;543;723;770;613;270;85;16;137;853;1304;402;1421;8220;2558;2389;984
202012;05020627;05;02;06;27;2;4453;2278;2175;48;47;46;103;40;47;56;100;96;109;34;149;148;221;148;187;315;315;263;265;299;358;160;90;77;130;183;161;141;76;38;3;48;236;442;149;369;1792;608;551;258
202012;05020628;05;02;06;28;2;2003;889;1114;9;13;21;45;19;16;33;33;34;27;19;49;37;59;25;46;87;138;94;99;119;147;114;46;56;63;132;142;161;86;28;6;9;98;162;49;96;608;307;393;281
202012;05020629;05;02;06;29;2;4436;2116;2320;19;32;30;54;26;29;10;51;51;61;22;92;89;111;66;86;159;212;185;205;357;387;207;111;137;208;394;476;367;133;46;23;19;142;224;92;200;1270;705;1215;569
202012;05030730;05;03;07;30;2;4608;2291;2317;60;73;70;135;75;66;53;109;127;118;61;175;160;210;125;201;337;398;367;329;365;306;129;65;61;76;138;126;52;26;12;3;60;353;534;175;370;2122;500;401;93
202012;05030731;05;03;07;31;2;11885;5659;6226;90;135;115;263;120;119;118;198;201;200;88;270;321;488;328;491;870;845;768;669;796;901;508;313;266;371;611;564;524;238;84;12;90;633;924;270;809;4767;1722;1812;858
202012;05030832;05;03;08;32;2;12254;6209;6045;109;125;131;268;113;127;114;262;240;222;123;305;378;656;383;609;1050;875;801;700;879;913;417;236;245;329;512;477;380;207;62;6;109;637;1088;305;1034;5297;1566;1563;655
202012;05030833;05;03;08;33;2;486;236;250;0;3;7;7;6;0;9;6;0;9;6;12;7;17;14;30;48;39;31;30;34;41;19;7;4;21;20;22;24;3;3;7;0;23;30;12;24;226;67;67;37
202012;05040934;05;04;09;34;2;3198;1596;1602;6;21;19;53;28;25;19;54;59;66;35;105;105;100;46;59;111;117;161;150;268;299;165;116;99;139;231;266;172;73;21;10;6;121;258;105;205;912;580;735;276
202012;05040935;05;04;09;35;2;444;225;219;3;0;3;3;6;9;0;9;6;6;0;9;15;13;9;10;13;36;24;19;51;35;29;10;16;24;24;20;18;9;6;9;3;12;30;9;28;162;74;84;42
202012;05040936;05;04;09;36;2;10315;5088;5227;68;100;89;269;154;141;136;241;254;294;129;368;340;294;113;140;364;641;743;720;936;881;390;225;209;325;595;549;385;130;86;6;68;612;1195;368;634;3657;1496;1678;607
202012;05040937;05;04;09;37;2;2198;1083;1115;6;12;15;34;24;18;21;29;43;37;24;59;61;51;29;40;63;83;114;121;163;189;121;79;54;103;187;172;130;68;31;17;6;85;172;59;112;613;389;516;246
202012;05040938;05;04;09;38;2;3682;1781;1901;24;26;33;58;45;24;46;71;80;78;40;109;98;107;33;38;109;162;229;180;276;286;184;99;118;193;274;333;220;74;25;10;24;162;339;109;205;1027;569;918;329
202012;06010101;06;01;01;01;2;6988;3211;3777;36;46;37;109;46;46;66;94;107;117;53;181;244;290;157;239;366;356;380;401;532;542;262;175;176;245;451;513;379;202;99;41;36;238;483;181;534;2431;979;1385;721
202012;06010102;06;01;01;02;2;8808;4191;4617;96;85;86;160;83;94;76;130;147;123;50;170;192;390;258;413;808;702;623;508;629;711;356;213;205;312;479;377;205;87;28;12;96;414;620;170;582;3941;1280;1373;332
202012;06010103;06;01;01;03;2;6281;2926;3355;48;66;63;126;62;55;46;72;109;85;37;153;161;286;157;278;515;525;479;382;506;494;221;131;134;250;309;261;185;58;18;9;48;317;404;153;447;2842;846;954;270
202012;06010204;06;01;02;04;2;6887;3318;3569;54;51;56;119;47;49;51;93;92;122;56;169;198;346;168;283;598;468;397;376;554;563;270;155;161;220;364;339;295;109;49;15;54;273;463;169;544;2844;988;1084;468
202012;06010205;06;01;02;05;2;9881;4700;5181;103;104;103;197;72;73;86;150;181;131;60;202;230;514;264;493;869;687;632;554;752;767;426;260;209;331;420;425;375;139;60;12;103;476;681;202;744;4251;1453;1385;586
202012;06010206;06;01;02;06;2;7694;3565;4129;50;72;73;124;61;65;65;136;90;131;55;173;175;309;205;299;587;548;474;453;545;593;308;170;160;244;415;417;377;182;95;43;50;330;542;173;484;3111;1071;1236;697
202012;06010207;06;01;02;07;2;8008;3809;4199;65;103;84;146;63;58;81;98;105;110;48;176;180;370;241;402;692;630;485;453;554;588;313;214;181;252;419;374;305;135;66;17;65;396;500;176;550;3457;1115;1226;523
202012;06010208;06;01;02;08;2;6824;3346;3478;60;62;64;111;70;55;47;101;105;87;30;123;135;342;211;313;637;541;408;389;497;522;287;164;172;258;370;320;200;103;25;15;60;307;425;123;477;2996;973;1120;343
202012;06010209;06;01;02;09;2;9339;4329;5010;88;102;85;190;74;75;73;141;129;114;55;149;203;405;298;464;894;751;633;556;660;698;364;229;203;285;437;429;305;155;75;20;88;451;587;149;608;4256;1291;1354;555
202012;06010210;06;01;02;10;2;4868;2297;2571;40;52;39;70;62;43;46;93;86;53;33;89;87;211;115;222;375;374;331;294;363;399;244;103;103;143;243;216;171;91;52;25;40;223;354;89;298;2074;746;705;339
202012;06020301;06;02;03;01;2;4937;2341;2596;33;39;36;88;44;52;52;73;79;76;33;119;136;163;88;159;307;269;252;281;379;400;182;97;118;190;319;373;321;128;42;9;33;207;365;119;299;1735;679;1000;500
202012;06020302;06;02;03;02;2;6097;2966;3131;43;63;53;116;56;41;64;81;98;79;51;159;168;248;118;164;372;379;407;337;409;453;216;145;143;230;366;424;336;164;78;36;43;288;414;159;416;2186;814;1163;614
202012;06020303;06;02;03;03;2;7410;3453;3957;67;70;77;125;71;60;63;134;102;100;31;128;147;303;177;373;649;599;483;433;505;597;324;188;145;246;335;364;305;149;48;12;67;343;490;128;450;3219;1109;1090;514
202012;06020304;06;02;03;04;2;7313;3471;3842;77;89;82;157;48;62;61;113;106;90;50;138;151;343;202;316;612;521;440;429;581;577;286;163;144;217;402;345;293;158;50;10;77;376;482;138;494;3101;1026;1108;511
202012;06020305;06;02;03;05;2;11399;5343;6056;91;88;91;214;100;106;109;214;219;194;105;245;316;582;292;456;765;713;701;651;745;848;452;254;230;392;567;575;575;301;152;56;91;493;947;245;898;4323;1554;1764;1084
202012;06020306;06;02;03;06;2;6402;3077;3325;33;54;53;113;47;72;64;108;85;109;55;141;189;218;121;186;309;320;319;398;541;579;308;159;165;285;418;427;331;134;44;17;33;267;493;141;407;2194;1046;1295;526
202012;06020407;06;02;04;07;2;4636;2283;2353;35;37;41;87;33;56;35;76;101;94;42;99;119;245;123;213;375;291;264;228;263;324;118;114;97;158;297;303;217;116;28;7;35;198;404;99;364;1757;556;855;368
202012;06020408;06;02;04;08;2;7055;3365;3690;57;57;77;127;55;50;63;145;106;122;68;189;169;279;133;236;393;418;413;415;525;560;323;142;164;228;400;456;448;170;55;12;57;316;554;189;448;2533;1025;1248;685
202012;06020409;06;02;04;09;2;8349;3890;4459;58;65;63;160;57;55;76;150;145;128;67;219;221;342;140;247;464;480;485;468;617;629;281;212;191;258;529;611;520;240;129;42;58;345;621;219;563;2901;1122;1589;931
202012;06020410;06;02;04;10;2;7062;3341;3721;57;51;59;112;70;67;60;116;113;133;61;187;246;268;110;206;366;373;399;382;587;581;284;191;169;282;480;462;341;156;75;18;57;292;550;187;514;2423;1056;1393;590
202012;06020411;06;02;04;11;2;8627;4052;4575;41;72;73;168;94;92;68;166;176;180;78;255;252;299;126;157;401;487;489;515;621;716;361;232;197;353;546;610;480;191;94;37;41;407;760;255;551;2796;1309;1706;802
202012;06030501;06;03;05;01;2;5670;2796;2874;30;18;39;73;51;50;45;113;100;116;53;187;194;240;119;147;223;228;305;295;464;477;211;140;128;197;352;400;424;167;55;29;30;181;477;187;434;1781;828;1077;675
202012;06030502;06;03;05;02;2;5616;2532;3084;39;44;54;106;41;51;52;96;78;92;43;139;148;222;121;185;359;359;343;348;432;468;240;159;133;184;260;293;303;142;61;21;39;245;412;139;370;2147;867;870;527
202012;06030503;06;03;05;03;2;11696;5449;6247;92;97;110;172;117;106;97;189;189;190;92;288;306;522;249;389;772;722;658;713;908;996;497;283;294;442;666;656;573;207;79;25;92;496;863;288;828;4411;1776;2058;884
202012;06030504;06;03;05;04;2;11050;5087;5963;57;58;81;164;76;120;105;213;214;240;116;329;307;356;160;216;425;470;543;658;845;904;412;269;255;384;756;852;756;396;202;111;57;379;1008;329;663;3317;1585;2247;1465
202012;06030605;06;03;06;05;2;7088;3393;3695;38;54;48;104;44;63;56;84;132;114;58;162;190;305;168;287;462;498;423;437;580;566;308;158;148;292;439;378;288;137;57;10;38;250;507;162;495;2855;1032;1257;492
202012;06030606;06;03;06;06;2;5612;2754;2858;46;57;63;109;68;49;46;97;111;100;59;156;169;294;173;242;425;381;344;320;359;449;225;106;104;166;282;242;206;108;50;6;46;297;462;156;463;2244;780;794;370
202012;06030607;06;03;06;07;2;3152;1578;1574;18;18;15;59;29;24;27;37;54;67;19;79;108;281;138;190;187;192;192;196;208;219;96;80;45;77;128;163;136;54;16;0;18;121;228;79;389;1303;395;413;206
202012;06030608;06;03;06;08;2;13747;6771;6976;91;103;141;268;151;134;170;286;326;325;176;452;463;504;227;332;641;831;873;961;1232;1163;536;280;261;440;665;713;601;264;94;43;91;663;1417;452;967;5097;1979;2079;1002
202012;06030609;06;03;06;09;2;12046;5783;6263;66;96;103;223;104;112;119;237;215;207;114;305;324;493;271;383;746;724;691;721;953;1046;502;282;300;439;708;710;554;217;69;12;66;526;1004;305;817;4489;1830;2157;852
202012;06030610;06;03;06;10;2;8511;3975;4536;58;71;73;157;85;72;67;160;177;181;111;282;228;305;112;170;413;478;447;548;686;704;353;188;184;348;547;526;468;182;90;40;58;386;768;282;533;2854;1245;1605;780
202012;06040701;06;04;07;01;2;10126;4962;5164;45;72;57;183;80;109;113;222;245;218;87;276;261;293;144;187;383;469;569;662;871;880;398;252;234;430;678;742;634;204;95;33;45;392;994;276;554;3285;1530;2084;966
202012;06040702;06;04;07;02;2;5234;2524;2710;33;30;45;115;57;39;64;124;115;112;55;175;177;181;53;64;161;294;312;337;441;435;212;138;165;238;353;324;232;94;40;19;33;247;509;175;358;1662;785;1080;385
202012;06040703;06;04;07;03;2;11498;5607;5891;57;60;84;177;86;113;101;224;220;232;104;320;465;733;373;447;590;568;539;671;740;858;395;265;249;309;621;747;635;327;142;46;57;407;994;320;1198;3928;1518;1926;1150
202012;06040804;06;04;08;04;2;7511;3534;3977;41;45;57;123;67;65;67;138;119;152;80;236;232;249;102;133;233;288;356;418;635;671;358;175;186;293;485;679;487;210;101;30;41;292;621;236;481;2165;1204;1643;828
202012;06040805;06;04;08;05;2;5278;2424;2854;24;33;37;91;39;48;50;109;120;101;60;159;162;186;77;104;173;222;288;329;457;466;201;127;140;197;374;410;295;133;54;12;24;200;488;159;348;1650;794;1121;494
202012;06040806;06;04;08;06;2;7266;3304;3962;31;45;45;111;63;73;58;119;115;165;87;237;241;261;108;154;311;284;341;425;661;677;300;176;158;316;449;533;451;188;68;15;31;264;617;237;502;2284;1153;1456;722
202012;06040807;06;04;08;07;2;5958;2624;3334;36;45;38;110;40;40;42;106;113;112;64;179;155;211;96;156;314;282;319;307;409;432;234;132;124;192;348;431;383;290;160;58;36;233;477;179;366;1883;798;1095;891
202012;06040808;06;04;08;08;2;4810;2319;2491;39;43;54;116;79;67;70;143;117;144;61;198;149;168;74;90;190;300;375;429;441;379;163;81;80;111;186;207;140;76;34;6;39;292;602;198;317;1899;623;584;256
202012;06040809;06;04;08;09;2;4902;2354;2548;27;18;41;69;45;40;37;87;126;108;60;180;197;216;82;107;177;224;225;306;450;452;222;101;131;165;303;313;242;104;34;13;27;173;458;180;413;1571;775;912;393
202012;06040810;06;04;08;10;2;7204;3448;3756;39;63;48;135;69;63;64;126;143;160;68;240;256;296;126;196;322;405;344;437;600;503;266;149;153;244;419;538;440;170;84;38;39;315;624;240;552;2430;918;1354;732
202012;07010101;07;01;01;01;1;9808;5138;4670;61;79;57;140;66;68;52;119;119;107;52;139;185;397;237;434;782;664;669;620;843;793;435;298;279;367;570;491;383;188;89;25;61;342;517;139;582;4249;1526;1707;685
202012;07010102;07;01;01;02;1;16387;8815;7572;118;156;148;304;143;145;131;257;240;245;132;392;434;819;560;836;1470;1255;1122;1141;1241;1306;655;407;355;482;740;509;388;172;63;21;118;751;1150;392;1253;7625;2368;2086;644
202012;07010103;07;01;01;03;1;10468;5240;5228;89;97;96;188;91;69;80;148;150;147;83;224;234;478;288;540;933;838;762;656;859;865;449;262;244;356;475;354;249;112;49;3;89;472;677;224;712;4876;1576;1429;413
202012;07010104;07;01;01;04;1;13480;6989;6491;125;144;137;244;107;116;107;212;211;241;119;330;354;643;414;680;1335;1233;965;946;1039;1120;482;323;269;320;511;353;231;96;50;23;125;632;1006;330;997;6612;1925;1453;400
202012;07020201;07;02;02;01;1;10578;5211;5367;84;87;84;161;80;69;83;144;158;128;77;201;242;437;286;484;863;737;678;651;872;927;423;231;269;354;616;520;355;183;73;21;84;412;659;201;679;4571;1581;1759;632
202012;07020202;07;02;02;02;1;10501;5355;5146;109;111;119;212;102;101;86;163;163;130;74;205;227;514;361;627;1191;958;779;629;725;653;377;208;188;287;394;372;263;119;36;18;109;544;717;205;741;5270;1238;1241;436
202012;07020203;07;02;02;03;1;17811;8880;8931;168;169;178;324;163;131;158;272;258;270;126;374;463;817;549;990;1798;1570;1365;1099;1351;1461;716;421;359;538;691;480;306;128;80;38;168;834;1215;374;1280;8722;2598;2068;552
202012;07020204;07;02;02;04;1;12716;6328;6388;113;126;151;245;127;114;98;195;213;147;76;212;323;667;461;831;1477;1321;1031;791;934;1026;449;260;225;269;353;249;164;40;19;9;113;649;843;212;990;6846;1735;1096;232
202012;07030301;07;03;03;01;1;24466;11360;13106;183;187;222;408;211;202;216;401;430;429;212;666;626;1050;636;965;1720;1617;1597;1563;1958;2123;1006;639;598;911;1336;1191;712;274;132;45;183;1028;1890;666;1676;10056;3768;4036;1163
202012;07030302;07;03;03;02;1;9371;4475;4896;91;92;79;187;88;74;72;152;128;136;70;221;275;432;232;407;739;687;571;553;750;766;419;234;254;349;463;417;302;85;37;9;91;446;632;221;707;3939;1419;1483;433
202012;07030303;07;03;03;03;1;12302;5993;6309;115;127;129;257;128;120;99;204;231;215;110;300;314;629;351;622;1097;1070;812;760;909;970;486;280;260;346;521;381;280;112;44;23;115;641;979;300;943;5621;1736;1508;459
202012;07040401;07;04;04;01;2;17502;8370;9132;126;145;164;333;194;165;142;354;342;334;152;445;455;818;404;679;1308;1233;1154;1098;1355;1473;700;388;380;486;794;739;691;300;103;48;126;836;1489;445;1273;7231;2561;2399;1142
202012;07040402;07;04;04;02;2;2255;1084;1171;3;16;17;41;22;31;18;43;19;44;16;56;44;67;26;54;118;140;140;124;189;208;111;59;56;97;124;126;130;53;45;18;3;96;171;56;111;791;378;403;246
202012;07040403;07;04;04;03;2;24582;11851;12731;238;286;271;543;210;204;209;377;362;363;166;480;595;1246;799;1333;2484;2054;1699;1402;1673;1743;887;526;520;719;1020;940;750;303;135;45;238;1310;1681;480;1841;11444;3156;3199;1233
202012;07040404;07;04;04;04;2;5114;2427;2687;35;51;63;77;38;34;34;71;70;70;29;115;98;218;158;221;388;313;246;267;367;437;182;133;120;149;280;339;303;135;51;22;35;229;308;115;316;1960;752;888;511
202012;07040405;07;04;04;05;2;11104;5462;5642;123;132;117;234;102;108;106;174;183;171;72;242;302;585;377;623;1083;915;668;633;670;781;393;206;222;325;419;386;384;225;107;36;123;585;814;242;887;4969;1380;1352;752
202012;07040406;07;04;04;06;2;3980;2084;1896;55;58;45;84;46;37;53;51;80;37;19;48;81;222;140;343;517;375;291;234;263;259;129;71;65;67;112;89;71;24;11;3;55;233;277;48;303;2163;459;333;109
202012;07050501;07;05;05;01;2;17028;8329;8699;170;189;176;367;166;152;137;262;260;258;108;314;404;753;531;975;1542;1308;1016;937;1102;1227;656;372;378;538;798;779;629;314;151;59;170;898;1177;314;1157;7411;2255;2493;1153
202012;07050502;07;05;05;02;2;8141;3862;4279;57;63;65;146;58;67;56;133;115;112;57;180;213;393;223;346;648;528;472;418;547;590;295;182;163;254;356;398;430;331;177;68;57;332;540;180;606;3182;1067;1171;1006
202012;07050503;07;05;05;03;2;9101;4253;4848;63;87;82;156;64;88;60;105;120;101;69;174;175;344;225;410;711;661;495;500;622;712;367;264;223;331;533;514;464;240;96;45;63;389;543;174;519;3624;1343;1601;845
202012;07050504;07;05;05;04;2;5653;2733;2920;58;56;63;106;47;36;37;91;93;75;43;126;156;279;120;210;401;378;328;320;448;485;217;130;154;142;251;285;294;158;56;10;58;272;375;126;435;2205;832;832;518
202012;07050505;07;05;05;05;2;10584;4987;5597;86;121;86;192;116;81;90;153;176;159;93;244;281;399;209;326;620;609;540;554;764;781;386;260;247;401;590;719;693;356;183;69;86;515;752;244;680;3622;1427;1957;1301
202012;07050506;07;05;05;06;2;2233;1119;1114;12;18;12;27;9;17;9;48;30;48;18;62;73;92;25;56;96;122;127;157;158;195;96;67;65;96;155;156;131;37;16;3;12;66;170;62;165;741;358;472;187
202012;07060601;07;06;06;01;2;10193;5072;5121;93;100;110;224;124;107;104;244;199;228;103;341;338;485;227;388;618;689;552;581;702;701;356;219;191;314;524;561;452;213;81;24;93;558;985;341;823;3757;1276;1590;770
202012;07060602;07;06;06;02;2;4740;2379;2361;31;51;41;70;34;39;38;63;101;96;44;151;131;171;73;145;269;250;247;300;408;431;182;119;100;191;281;297;259;90;25;12;31;196;381;151;302;1692;732;869;386
202012;07060603;07;06;06;03;2;2869;1369;1500;15;29;21;62;31;32;22;58;62;67;30;89;73;117;48;83;130;142;180;163;142;194;111;80;68;110;204;234;197;53;22;0;15;143;271;89;190;888;385;616;272
202012;07060604;07;06;06;04;2;14462;6809;7653;110;166;138;291;180;140;109;263;307;237;145;367;382;591;280;475;949;901;858;823;851;983;567;345;317;548;892;925;821;348;115;38;110;775;1201;367;973;5137;1895;2682;1322
202012;07070701;07;07;07;01;2;10498;5017;5481;66;98;93;196;99;82;69;182;199;175;94;284;309;449;183;252;471;619;649;631;782;872;422;248;282;403;628;682;592;270;89;28;66;486;801;284;758;3587;1542;1995;979
202012;07070702;07;07;07;02;2;10895;5234;5661;80;100;119;226;104;135;104;201;212;226;82;263;298;346;197;293;570;643;636;634;911;925;473;252;257;424;647;700;555;201;71;10;80;549;960;263;644;3884;1650;2028;837
202012;07070703;07;07;07;03;2;8485;4030;4455;67;92;92;181;99;82;69;155;176;168;67;173;228;328;160;258;489;587;426;496;593;590;308;194;186;288;480;612;544;194;85;18;67;464;717;173;556;3009;1092;1566;841
202012;07070704;07;07;07;04;2;8431;4096;4335;57;85;80;206;112;82;102;194;182;217;100;309;299;392;178;256;453;499;515;432;571;616;308;168;190;282;443;493;405;147;45;13;57;483;877;309;691;2904;1092;1408;610
202012;07070705;07;07;07;05;2;6978;3424;3554;44;53;62;154;47;68;70;95;129;123;67;223;216;248;100;172;343;373;410;421;630;671;305;184;151;254;427;453;326;100;49;10;44;316;552;223;464;2449;1160;1285;485
202012;07070706;07;07;07;06;2;3859;1840;2019;25;48;43;86;36;52;27;90;74;66;47;98;94;119;83;99;208;192;207;193;287;306;202;99;68;124;201;262;234;112;53;24;25;213;356;98;213;1269;607;655;423
202012;07070707;07;07;07;07;2;2964;1439;1525;28;28;32;66;32;36;34;72;47;53;19;88;57;107;34;46;121;163;137;174;260;246;122;63;70;123;208;229;189;63;14;3;28;158;261;88;164;935;431;630;269
202012;08010115;08;01;01;15;1;1010;536;474;6;12;9;29;6;6;13;16;26;13;6;18;13;39;36;81;129;113;66;40;68;66;48;27;17;38;35;15;7;8;4;0;6;56;80;18;52;533;141;105;19
202012;08010116;08;01;01;16;1;3542;1870;1672;25;35;32;52;21;27;28;48;52;42;23;64;83;136;123;266;468;405;327;261;231;264;124;46;56;64;87;60;62;27;3;0;25;140;220;64;219;2081;434;267;92
202012;08010117;08;01;01;17;1;15688;8139;7549;138;181;126;309;121;104;110;223;214;205;90;261;323;589;525;1058;2599;2199;1515;926;878;931;423;227;222;304;389;241;161;68;25;3;138;737;946;261;912;9700;1581;1156;257
202012;08010118;08;01;01;18;1;12240;6325;5915;111;112;127;252;110;102;102;207;189;222;126;334;333;634;511;969;1826;1329;911;669;664;638;286;170;143;184;249;243;216;142;97;32;111;601;948;334;967;6879;1094;819;487
202012;08010211;08;01;02;11;1;9668;4974;4694;83;86;97;147;64;78;68;134;138;144;71;195;217;411;381;735;1558;1275;796;533;541;585;232;165;146;167;229;180;149;45;15;3;83;394;633;195;628;5819;982;722;212
202012;08010212;08;01;02;12;1;7451;3744;3707;51;59;82;175;92;84;54;175;165;204;102;264;305;361;185;364;778;680;536;490;428;426;192;159;122;201;270;220;150;70;4;3;51;408;784;264;666;3461;777;813;227
202012;08010213;08;01;02;13;1;12288;6294;5994;138;109;119;245;98;130;124;205;176;180;87;260;299;560;422;930;1943;1521;1007;723;703;682;302;165;146;190;299;252;167;64;33;9;138;571;902;260;859;7249;1149;887;273
202012;08010214;08;01;02;14;1;8524;4432;4092;61;83;68;134;57;78;78;139;141;134;82;230;273;532;344;636;1183;830;603;506;506;511;216;155;124;155;209;177;127;71;54;27;61;342;652;230;805;4608;882;665;279
202012;08010301;08;01;03;01;1;27007;13484;13523;241;274;268;492;248;244;217;396;354;360;164;470;457;955;773;1765;3735;3704;2904;1930;1721;1668;717;456;375;446;661;458;346;153;47;8;241;1282;1735;470;1412;16532;2841;1940;554
202012;08010302;08;01;03;02;1;3868;1913;1955;37;55;35;82;19;22;27;52;61;63;21;73;96;136;103;193;368;362;351;269;257;309;155;85;74;98;137;152;114;49;10;3;37;191;246;73;232;1903;549;461;176
202012;08010303;08;01;03;03;1;8264;4307;3957;85;72;72;132;65;62;71;136;142;119;59;181;193;387;334;670;1333;1055;747;463;458;395;201;101;116;136;199;138;110;26;0;6;85;341;589;181;580;5060;697;589;142
202012;08010404;08;01;04;04;1;23011;11850;11161;232;251;254;446;213;217;180;363;330;366;157;474;510;1046;758;1696;3757;2918;1907;1280;1227;1280;640;331;326;407;564;419;277;129;40;16;232;1164;1613;474;1556;13543;2251;1716;462
202012;08010405;08;01;04;05;1;8811;4357;4454;90;83;93;155;60;65;59;136;123;130;65;152;174;360;277;613;1360;1110;804;540;498;461;246;140;124;172;220;197;142;105;38;19;90;391;578;152;534;5202;847;713;304
202012;08010406;08;01;04;06;1;7100;3623;3477;81;92;90;193;102;93;82;160;129;145;58;188;167;293;240;506;889;769;574;412;349;423;190;101;87;126;154;169;147;65;23;3;81;477;667;188;460;3739;714;536;238
202012;08010407;08;01;04;07;1;777;395;382;8;12;12;6;9;3;3;3;6;9;3;6;18;38;58;69;137;115;71;47;56;26;10;6;6;10;15;6;6;3;0;0;8;39;27;6;56;553;42;37;9
202012;08010508;08;01;05;08;1;5767;2965;2802;80;88;92;190;98;91;87;175;168;133;76;165;225;361;178;357;450;411;319;327;345;340;186;98;88;115;159;168;137;47;10;3;80;468;730;165;586;2387;624;530;197
202012;08010509;08;01;05;09;1;9172;4607;4565;79;109;123;210;121;142;137;287;299;263;123;369;375;462;252;376;688;616;559;587;610;565;289;166;143;247;318;265;228;95;53;16;79;563;1251;369;837;3688;1020;973;392
202012;08010510;08;01;05;10;1;448;265;183;3;3;3;3;3;3;7;6;16;0;3;9;9;29;31;41;63;32;31;30;31;46;12;10;6;0;9;3;6;0;0;0;3;12;35;9;38;259;68;18;6
202012;08020619;08;02;06;19;2;11672;6108;5564;138;151;155;287;135;138;140;236;253;202;115;324;333;668;398;678;1134;937;768;636;763;745;404;209;197;258;394;370;331;124;39;12;138;728;1084;324;1001;5314;1358;1219;506
202012;08020620;08;02;06;20;2;9329;4540;4789;82;97;108;173;68;107;72;162;152;141;55;202;240;447;279;518;885;690;552;528;615;744;376;192;194;239;389;374;363;181;86;18;82;446;689;202;687;4067;1312;1196;648
202012;08020621;08;02;06;21;2;2341;1157;1184;16;15;6;45;25;12;27;54;43;52;21;67;63;109;21;58;105;128;109;142;189;263;115;85;72;105;152;115;80;41;6;0;16;91;209;67;172;752;463;444;127
202012;08020622;08;02;06;22;2;14254;6783;7471;131;137;121;258;133;138;153;227;224;201;103;273;320;554;370;601;1056;979;854;829;1004;1208;623;382;373;491;746;718;565;288;148;46;131;649;1046;273;874;5693;2213;2328;1047
202012;08020623;08;02;06;23;2;1253;577;676;3;12;6;27;9;3;10;13;14;22;15;30;30;27;27;48;84;43;64;60;105;117;74;37;37;45;82;70;61;54;18;6;3;54;77;30;57;431;228;234;139
202012;08020624;08;02;06;24;2;1404;720;684;12;9;15;28;24;21;19;36;36;33;16;50;31;65;26;46;67;107;108;103;135;108;45;27;36;30;61;49;30;18;7;6;12;76;161;50;96;592;180;176;61
202012;08020625;08;02;06;25;2;3321;1719;1602;9;17;21;34;22;23;24;45;62;61;27;92;102;150;84;105;156;186;196;194;273;294;145;76;91;119;251;202;164;71;19;6;9;94;242;92;252;1194;515;663;260
202012;08020726;08;02;07;26;2;8320;4036;4284;68;87;77;147;85;63;69;114;141;132;43;183;209;317;186;260;511;485;441;478;701;774;354;207;199;330;486;529;393;181;54;16;68;396;562;183;526;3062;1335;1544;644
202012;08020727;08;02;07;27;2;11578;5507;6071;85;94;98;235;115;95;107;232;222;185;117;281;327;438;258;367;672;632;608;602;906;911;477;268;260;388;673;834;702;294;83;12;85;542;958;281;765;4045;1656;2155;1091
202012;08020728;08;02;07;28;2;8698;4379;4319;62;72;89;207;94;109;95;202;171;172;89;252;292;432;217;335;590;530;517;518;598;568;340;182;197;259;446;479;356;164;57;7;62;462;838;252;724;3305;1090;1381;584
202012;08030829;08;03;08;29;2;12534;5854;6680;141;155;142;293;137;124;116;237;239;211;111;349;356;556;307;525;889;721;643;632;730;836;425;306;268;402;598;849;756;348;109;23;141;727;1038;349;912;4447;1567;2117;1236
202012;08030830;08;03;08;30;2;7303;3429;3874;57;66;67;121;54;54;49;115;84;112;39;128;150;244;175;286;487;378;366;354;462;530;302;177;178;275;582;612;476;243;65;15;57;308;453;128;394;2508;1009;1647;799
202012;08030831;08;03;08;31;2;17754;8525;9229;177;211;219;452;218;193;163;331;341;327;187;513;513;808;425;745;1287;1089;1002;961;1094;1256;651;395;340;526;881;997;888;399;128;37;177;1100;1542;513;1321;6603;2302;2744;1452
202012;08040932;08;04;09;32;2;2834;1313;1521;22;36;30;50;38;24;36;56;54;54;24;78;64;98;49;69;129;158;171;156;147;194;100;61;87;123;218;201;196;78;33;0;22;154;248;78;162;879;355;629;307
202012;08040933;08;04;09;33;2;4103;1984;2119;37;38;39;82;19;21;18;58;39;48;23;85;107;157;102;158;262;219;198;217;326;326;174;97;92;152;257;345;250;108;30;19;37;178;207;85;264;1482;597;846;407
202012;08040934;08;04;09;34;2;2661;1303;1358;9;13;27;49;38;26;15;53;44;52;26;90;81;116;48;103;141;164;133;141;205;248;146;67;59;123;155;122;101;44;16;6;9;127;216;90;197;935;461;459;167
202012;08041035;08;04;10;35;2;8264;4131;4133;79;64;74;152;84;75;89;156;154;132;71;287;279;311;165;205;387;447;465;503;678;703;325;215;237;335;457;568;367;147;43;10;79;374;677;287;590;2850;1243;1597;567
202012;08041036;08;04;10;36;2;6844;3383;3461;36;59;60;121;65;59;58;123;133;129;46;192;215;269;128;168;282;364;413;351;571;652;314;178;186;254;481;405;337;148;41;6;36;305;548;192;484;2277;1144;1326;532
202012;08041037;08;04;10;37;2;9997;4942;5055;75;86;107;211;92;89;87;174;143;171;74;252;258;426;198;361;583;524;486;535;733;884;447;268;241;363;612;693;536;212;67;9;75;496;738;252;684;3420;1599;1909;824
202012;08041038;08;04;10;38;2;7118;3471;3647;37;65;73;142;72;85;67;163;111;129;74;195;195;269;102;176;300;428;402;418;580;593;331;147;151;273;422;465;386;191;70;6;37;352;629;195;464;2406;1071;1311;653
202012;08041039;08;04;10;39;2;3776;1779;1997;44;42;44;95;41;42;43;55;78;68;36;111;122;175;99;136;300;257;218;260;314;291;127;82;70;103;118;117;130;97;41;20;44;222;322;111;297;1584;500;408;288
202012;08041040;08;04;10;40;2;7951;3774;4177;62;100;82;188;89;86;69;152;145;159;86;232;242;318;141;240;410;452;483;467;583;676;361;196;182;339;462;413;345;153;28;10;62;459;697;232;560;2776;1233;1396;536
202012;09010101;09;01;01;01;2;13104;6540;6564;152;179;162;343;163;153;142;266;228;220;112;276;253;372;303;589;1617;1682;1375;975;919;806;352;151;152;187;249;284;227;146;59;10;152;847;1121;276;625;7460;1309;872;442
202012;09010102;09;01;01;02;2;63;39;24;0;0;0;4;0;0;0;3;0;0;0;0;3;3;0;3;0;3;19;0;7;9;3;0;0;0;3;0;3;0;0;0;0;4;3;0;6;32;12;3;3
202012;09010201;09;01;02;01;2;4375;2131;2244;38;60;51;120;46;56;48;102;104;55;36;89;97;145;71;141;433;440;412;290;327;297;100;63;59;89;114;142;201;105;38;6;38;277;401;89;242;2114;460;404;350
202012;09010202;09;01;02;02;2;6924;3356;3568;48;56;68;96;38;56;34;75;51;48;34;69;116;304;204;382;747;595;461;338;448;536;277;133;127;168;241;433;442;227;66;6;48;258;298;69;420;3175;946;969;741
202012;09010301;09;01;03;01;2;15796;7524;8272;134;140;141;297;131;114;119;190;206;176;77;207;278;632;427;838;1985;1491;1055;792;940;989;445;258;252;303;430;634;1135;688;229;63;134;709;882;207;910;7528;1692;1619;2115
202012;09010302;09;01;03;02;2;3098;1546;1552;25;36;39;68;47;41;33;57;58;70;33;127;99;92;38;71;122;178;172;170;295;344;150;62;85;109;139;141;122;56;9;10;25;190;292;127;191;1046;556;474;197
202012;09010401;09;01;04;01;2;8480;3970;4510;81;82;62;141;76;68;64;124;103;103;41;158;162;280;174;256;664;606;433;389;559;627;326;191;164;256;366;578;822;382;102;40;81;361;503;158;442;3081;1144;1364;1346
202012;09010402;09;01;04;02;2;11480;5635;5845;100;125;107;256;126;122;98;204;222;198;91;314;294;495;261;456;1005;876;861;723;916;1000;424;226;229;316;368;377;393;207;75;15;100;614;935;314;789;5098;1650;1290;690
202012;09020501;09;02;05;01;2;7535;4007;3528;86;82;108;179;86;70;62;122;112;122;46;141;214;578;317;577;1136;779;527;387;409;393;184;91;82;139;112;124;113;88;54;15;86;455;534;141;792;4132;668;457;270
202012;09020502;09;02;05;02;2;16103;8113;7990;173;196;207;406;188;171;146;277;255;234;106;315;502;1095;561;881;1957;1628;1184;817;948;1025;448;257;220;277;364;391;440;304;110;20;173;997;1189;315;1597;7976;1730;1252;874
202012;09020601;09;02;06;01;2;9424;4907;4517;118;134;137;217;111;84;78;129;139;134;61;158;231;675;375;670;1304;985;692;416;497;484;230;149;111;176;160;214;309;165;65;16;118;599;625;158;906;4939;863;661;555
202012;09020602;09;02;06;02;2;3580;1765;1815;21;21;27;58;21;41;22;57;73;59;24;97;69;104;49;83;209;231;230;180;240;288;151;96;92;167;218;240;254;124;34;0;21;127;276;97;173;1222;535;717;412
202012;09020701;09;02;07;01;2;3059;1645;1414;52;70;63;94;35;33;22;44;22;23;12;27;86;341;151;288;515;355;192;105;86;127;58;33;30;52;66;41;30;3;3;0;52;262;156;27;427;1692;218;189;36
202012;09020702;09;02;07;02;2;17151;8555;8596;159;199;190;350;152;156;154;250;279;269;105;367;403;857;492;834;1759;1478;1157;939;1149;1257;576;324;328;423;541;723;732;380;147;22;159;891;1213;367;1260;7808;2157;2015;1281
202012;09020801;09;02;08;01;2;3061;1501;1560;28;37;37;82;40;28;36;56;37;36;9;55;69;112;43;119;304;312;223;181;218;253;114;55;66;83;125;100;100;73;23;7;28;196;202;55;181;1400;422;374;203
202012;09020802;09;02;08;02;2;8292;4170;4122;113;102;88;219;76;100;85;179;164;178;80;208;256;391;205;353;873;796;581;469;490;529;271;166;148;160;215;287;352;127;25;6;113;485;786;208;647;3767;966;810;510
202012;09030901;09;03;09;01;2;14458;7107;7351;157;151;157;339;165;167;168;303;325;279;133;363;355;467;224;388;1005;1032;1001;967;1204;1367;622;350;306;443;551;596;494;253;104;22;157;812;1375;363;822;5821;2339;1896;873
202012;09030902;09;03;09;02;2;5660;2732;2928;42;52;66;156;71;82;77;122;135;110;63;181;190;230;128;201;436;374;321;300;450;487;286;150;130;154;201;190;164;72;30;9;42;345;589;181;420;2210;923;675;275
202012;09030903;09;03;09;03;2;8169;4083;4086;91;103;104;238;110;120;109;224;203;221;80;264;249;339;135;221;586;631;567;515;671;755;324;171;138;197;261;226;208;86;22;0;91;555;957;264;588;3326;1250;822;316
202012;09031001;09;03;10;01;2;13167;6531;6636;88;114;115;288;128;125;128;221;265;248;99;335;330;437;196;315;799;848;859;812;1126;1312;611;346;333;446;597;685;573;233;112;43;88;645;1086;335;767;4955;2269;2061;961
202012;09031101;09;03;11;01;2;7217;3530;3687;86;90;91;157;65;73;62;93;98;101;56;123;122;245;102;212;640;585;520;419;529;529;277;170;172;238;310;347;415;216;62;12;86;403;483;123;367;3007;976;1067;705
202012;09031201;09;03;12;01;2;1871;915;956;16;10;24;31;15;9;24;30;39;30;24;41;36;33;16;26;69;120;109;129;150;159;79;64;57;89;118;148;118;36;12;10;16;80;156;41;69;619;302;412;176
202012;09031202;09;03;12;02;2;2571;1275;1296;21;28;24;64;33;27;32;42;39;40;9;60;69;59;27;32;127;168;169;155;252;258;121;80;61;100;137;140;126;53;15;3;21;149;189;60;128;930;459;438;197
202012;09041301;09;04;13;01;2;10138;4823;5315;57;73;57;139;65;75;70;151;122;137;58;175;178;235;125;186;568;597;519;519;758;1002;519;302;301;422;505;824;923;367;94;15;57;334;613;175;413;3272;1823;2052;1399
202012;09041302;09;04;13;02;2;1911;936;975;15;12;25;42;15;24;27;34;43;33;16;37;37;31;18;25;95;105;119;136;158;184;106;60;37;85;96;117;102;44;30;3;15;94;177;37;68;656;350;335;179
202012;09041401;09;04;14;01;2;5445;2442;3003;33;40;48;89;39;36;40;66;75;69;22;101;86;136;76;132;375;307;249;217;288;338;188;109;135;216;429;634;518;238;83;33;33;216;308;101;222;1644;635;1414;872
202012;09041402;09;04;14;02;2;1569;746;823;15;21;34;46;12;16;15;32;33;30;12;50;30;40;17;33;119;112;101;100;89;138;61;33;49;39;88;96;52;44;6;6;15;113;138;50;70;571;232;272;108
202012;09041403;09;04;14;03;2;4368;2159;2209;21;35;39;54;24;30;17;52;78;62;40;116;106;141;82;92;271;267;263;189;230;254;181;136;156;273;287;289;291;158;100;34;21;152;279;116;247;1394;571;1005;583
202012;09041501;09;04;15;01;2;7337;3612;3725;79;107;93;186;79;86;74;148;166;155;67;201;212;309;162;310;775;699;555;384;486;577;275;121;136;205;208;211;149;96;23;3;79;465;696;201;521;3371;973;760;271
202012;09041601;09;04;16;01;2;6867;3452;3415;41;46;55;108;70;54;57;151;134;142;55;152;159;153;53;86;358;411;448;404;602;847;349;200;193;308;363;354;332;135;40;7;41;279;593;152;312;2362;1396;1218;514
202012;09051701;09;05;17;01;2;4062;1938;2124;33;39;44;98;40;36;41;59;55;62;17;82;68;143;60;92;312;269;267;212;288;315;163;90;80;151;162;238;277;192;71;6;33;221;270;82;211;1500;568;631;546
202012;09051702;09;05;17;02;2;14947;6823;8124;97;136;151;290;131;143;137;266;267;247;137;371;337;321;149;247;826;988;1013;885;1219;1276;578;304;324;438;576;950;1194;614;246;89;97;708;1197;371;658;5327;2158;2288;2143
202012;09051801;09;05;18;01;2;9856;4916;4940;76;75;76;200;91;105;102;169;170;192;75;255;237;240;99;167;490;543;591;595;858;976;472;271;273;416;519;616;513;277;97;20;76;442;813;255;477;3343;1719;1824;907
202012;09051901;09;05;19;01;2;11733;5758;5975;133;129;145;273;102;99;90;181;168;143;63;202;245;472;275;532;1338;1103;894;584;729;797;412;225;224;356;386;517;451;303;127;35;133;649;744;202;717;5455;1434;1483;916
202012;09052001;09;05;20;01;2;13294;6204;7090;98;94;120;212;102;113;110;173;190;188;93;251;278;444;253;396;954;872;782;729;908;1126;540;307;320;450;599;781;1040;557;186;28;98;528;867;251;722;4894;1973;2150;1811
202012;10010101;10;01;01;01;2;5709;2811;2898;52;71;58;163;73;65;73;112;129;133;69;166;160;203;112;205;522;519;392;309;324;533;275;190;144;209;191;97;107;39;14;0;52;365;581;166;363;2383;998;641;160
202012;10010102;10;01;01;02;2;18613;9462;9151;188;184;207;444;215;240;228;431;437;438;222;586;580;808;395;678;1571;1569;1197;963;1029;1551;1000;599;512;619;608;470;400;163;72;9;188;1050;1996;586;1388;7402;3150;2209;644
202012;10010203;10;01;02;03;2;1262;911;351;19;23;25;38;17;13;16;16;31;28;20;20;52;97;58;116;152;123;111;59;67;77;25;12;13;15;9;3;3;4;0;0;19;103;124;20;149;686;114;40;7
202012;10010204;10;01;02;04;2;10586;5159;5427;101;101;120;271;138;114;105;213;248;258;93;329;276;407;207;309;828;925;756;495;485;601;476;372;448;530;528;356;283;126;63;24;101;630;1031;329;683;4005;1449;1862;496
202012;10010205;10;01;02;05;2;8198;4199;3999;62;74;91;159;79;96;91;189;188;160;65;216;233;315;161;273;794;797;553;406;464;522;463;306;258;328;365;232;169;57;32;0;62;403;789;216;548;3448;1291;1183;258
202012;10010206;10;01;02;06;2;17316;8685;8631;167;154;178;317;161;153;140;332;291;295;121;384;422;654;372;628;1390;1336;1107;747;873;979;788;618;694;988;1066;818;677;308;116;42;167;810;1332;384;1076;6453;2385;3566;1143
202012;10010207;10;01;02;07;2;10782;5339;5443;89;99;93;199;119;108;97;196;183;230;94;303;257;401;224;338;854;746;677;499;523;599;437;328;447;680;759;547;365;196;77;18;89;510;908;303;658;3861;1364;2433;656
202012;10010308;10;01;03;08;2;2228;1213;1015;15;24;12;65;16;19;24;43;30;33;22;41;48;95;52;66;146;195;179;140;122;214;88;56;62;85;99;95;78;46;18;0;15;117;171;41;143;900;358;341;142
202012;10010309;10;01;03;09;2;14860;7268;7592;103;110;135;247;126;102;139;249;239;275;130;324;368;566;310;437;1227;1084;943;673;726;930;561;399;481;773;1078;954;652;351;140;28;103;618;1134;324;934;5400;1890;3286;1171
202012;10010310;10;01;03;10;2;18273;8999;9274;169;159;154;340;157;167;173;340;318;320;144;413;459;702;343;563;1248;1295;1178;879;901;1165;740;554;679;1151;1378;1063;776;264;72;9;169;810;1462;413;1161;6407;2459;4271;1121
202012;10010311;10;01;03;11;2;3681;1655;2026;44;51;49;91;47;37;47;65;64;49;40;69;80;77;42;79;357;323;210;155;215;273;144;80;101;129;163;154;196;149;69;32;44;238;302;69;157;1381;497;547;446
202012;10020412;10;02;04;12;2;7171;3510;3661;90;99;97;227;122;128;92;218;231;213;94;260;244;335;118;315;707;633;475;362;432;551;283;136;115;144;161;106;103;62;15;3;90;545;976;260;579;3042;970;526;183
202012;10020413;10;02;04;13;2;16168;7965;8203;182;182;204;440;198;188;184;337;343;290;126;382;380;681;410;697;1710;1480;979;664;1028;1459;783;478;378;460;477;413;365;179;76;15;182;1024;1468;382;1061;6968;2720;1728;635
202012;10020414;10;02;04;14;2;1716;863;853;18;6;16;40;25;15;19;59;37;25;16;59;60;81;55;70;215;173;99;102;86;117;51;36;30;40;44;37;44;25;13;3;18;87;171;59;141;800;204;151;85
202012;10020415;10;02;04;15;2;6503;3308;3195;75;95;92;185;100;109;81;165;169;141;72;214;199;325;169;299;631;544;430;305;387;509;266;151;113;156;139;150;127;76;26;3;75;472;737;214;524;2765;926;558;232
202012;10020416;10;02;04;16;2;5929;3080;2849;63;82;81;145;78;72;81;143;154;159;59;185;178;336;203;312;666;579;420;320;344;452;228;106;75;105;115;78;62;36;12;0;63;386;668;185;514;2844;786;373;110
202012;10020517;10;02;05;17;2;9975;4798;5177;105;128;124;224;107;105;75;181;168;168;70;190;210;405;196;411;1049;764;528;400;747;1083;561;337;216;297;344;323;282;137;40;0;105;583;767;190;615;4095;1981;1180;459
202012;10020518;10;02;05;18;2;5317;2624;2693;58;80;76;165;84;74;76;142;125;134;65;170;158;201;115;192;534;459;350;257;391;492;244;112;101;117;105;102;80;45;6;7;58;405;616;170;359;2298;848;425;138
202012;10020519;10;02;05;19;2;6111;3157;2954;83;85;97;174;92;104;106;195;183;193;78;221;185;245;140;275;702;563;412;266;326;446;223;109;104;145;118;85;104;34;9;9;83;448;859;221;430;2684;778;452;156
202012;10020620;10;02;06;20;2;3465;1728;1737;27;36;39;69;43;42;27;67;52;37;16;51;64;110;104;177;444;335;216;144;188;314;192;109;115;128;136;80;58;29;13;3;27;187;241;51;174;1608;615;459;103
202012;10020621;10;02;06;21;2;6342;3134;3208;66;86;113;233;111;88;96;154;162;123;73;172;167;266;154;304;782;517;406;299;372;532;261;146;119;130;152;123;74;51;10;0;66;543;696;172;433;2834;939;524;135
202012;10020622;10;02;06;22;2;8919;4144;4775;66;86;80;145;90;89;57;161;142;119;63;145;182;264;154;293;856;712;515;377;457;628;464;273;313;461;552;445;357;232;107;34;66;401;631;145;446;3364;1365;1771;730
202012;10020623;10;02;06;23;2;6487;3104;3383;39;63;43;117;52;58;52;108;106;99;53;121;117;165;89;118;440;449;348;256;454;761;477;240;230;259;326;324;303;139;71;10;39;275;476;121;282;2154;1478;1139;523
202012;10030724;10;03;07;24;2;7805;3887;3918;46;54;43;115;48;57;54;118;106;118;44;144;172;381;206;269;401;416;446;390;537;784;408;255;265;353;476;445;400;174;60;20;46;260;497;144;553;2665;1447;1539;654
202012;10030725;10;03;07;25;2;6952;3508;3444;77;83;98;128;63;57;52;140;88;96;61;150;182;307;146;248;561;514;475;364;436;522;311;214;217;303;306;303;262;122;56;10;77;372;494;150;489;2744;1047;1129;450
202012;10030726;10;03;07;26;2;3938;1913;2025;42;48;52;87;36;29;50;87;75;69;25;74;83;126;49;98;289;335;288;213;285;311;181;84;108;125;161;167;171;109;62;19;42;223;335;74;209;1557;576;561;361
202012;10030727;10;03;07;27;2;10260;5097;5163;61;92;97;209;108;125;94;238;185;214;89;265;203;213;101;137;449;701;708;625;830;1149;536;293;342;445;499;484;410;217;108;33;61;506;945;265;416;3551;1978;1770;768
202012;10040828;10;04;08;28;2;7807;3860;3947;60;69;78;141;76;58;81;138;153;148;69;182;182;182;89;144;463;521;520;403;663;997;477;277;241;320;341;366;248;75;37;8;60;364;647;182;364;2803;1751;1268;368
202012;10040829;10;04;08;29;2;3868;1923;1945;31;33;42;78;33;34;36;74;71;54;33;86;112;125;52;78;251;269;222;246;330;432;164;91;99;145;189;204;156;64;28;6;31;186;302;86;237;1448;687;637;254
202012;10040830;10;04;08;30;2;7733;3830;3903;33;48;57;151;78;65;89;167;158;158;66;178;188;163;60;102;315;448;563;506;648;790;470;263;271;379;388;426;316;149;28;12;33;334;703;178;351;2642;1523;1464;505
202012;10040931;10;04;09;31;2;9921;4925;4996;81;91;110;197;102;94;112;200;217;164;85;218;198;218;92;145;513;699;739;508;843;1227;571;329;301;375;440;449;359;157;69;18;81;500;872;218;416;3539;2127;1565;603
202012;10040932;10;04;09;32;2;4457;2204;2253;31;39;58;110;58;51;39;84;66;72;34;86;112;126;46;102;308;339;295;255;295;445;259;130;106;179;216;247;173;63;27;6;31;265;346;86;238;1640;834;748;269
202012;10040933;10;04;09;33;2;15379;7681;7698;84;114;132;301;165;191;143;318;298;301;112;386;345;359;114;171;754;956;1050;974;1393;1791;833;519;467;605;785;790;605;236;68;19;84;712;1363;386;704;5412;3143;2647;928
202012;11010101;11;01;01;01;2;649;400;249;6;11;9;12;9;0;3;15;6;10;3;18;18;34;0;24;49;51;34;43;46;83;30;32;20;25;25;17;12;4;0;0;6;41;37;18;52;247;145;87;16
202012;11010102;11;01;01;02;2;2653;1332;1321;14;15;24;30;21;28;21;41;61;52;21;79;58;51;15;24;128;172;198;159;237;368;203;98;93;124;110;104;62;28;14;0;14;90;224;79;109;933;669;431;104
202012;11010103;11;01;01;03;2;2189;1143;1046;46;34;33;65;34;24;37;48;62;53;24;84;67;115;38;75;165;157;180;113;146;219;93;57;55;61;28;30;22;15;6;3;46;166;248;84;182;874;369;174;46
202012;11010204;11;01;02;04;2;8986;4390;4596;104;128;130;272;100;106;120;230;226;198;98;260;242;321;197;302;886;755;518;440;554;831;444;234;207;244;259;214;193;100;41;32;104;630;978;260;563;3652;1509;924;366
202012;11010205;11;01;02;05;2;7052;3551;3501;55;82;72;181;75;83;72;178;179;148;84;215;199;236;140;244;676;551;447;370;435;648;381;218;190;232;221;208;135;71;26;0;55;410;744;215;435;2863;1247;851;232
202012;11010206;11;01;02;06;2;6095;2915;3180;42;73;78;139;66;55;61;120;128;105;71;149;149;216;125;208;487;479;338;252;359;640;375;193;167;229;262;228;178;84;36;3;42;356;540;149;365;2248;1208;886;301
202012;11010207;11;01;02;07;2;7609;3707;3902;65;96;118;238;109;92;105;172;186;155;58;184;183;300;184;288;712;696;484;367;382;604;365;192;198;205;232;205;171;159;91;13;65;561;768;184;483;3113;1161;840;434
202012;11010308;11;01;03;08;2;11690;5724;5966;80;118;105;271;129;122;137;248;246;217;117;295;273;389;196;336;891;881;648;526;630;1007;789;453;455;476;553;458;331;223;65;25;80;623;1087;295;662;4108;2249;1942;644
202012;11010309;11;01;03;09;2;9583;4860;4723;74;104;106;236;97;126;104;197;225;225;83;282;289;334;205;312;733;801;624;456;623;830;506;311;275;344;363;293;235;138;52;0;74;543;960;282;623;3754;1647;1275;425
202012;11010310;11;01;03;10;2;5825;2943;2882;53;68;48;110;52;49;42;79;94;87;42;122;115;222;138;215;476;490;337;208;237;433;356;267;248;336;347;278;188;64;18;6;53;278;393;122;337;2101;1056;1209;276
202012;11020411;11;02;04;11;2;9998;5024;4974;100;138;140;322;129;146;136;260;233;171;100;242;236;353;230;391;866;780;611;548;618;780;452;215;216;316;401;398;290;128;46;6;100;729;1046;242;589;4044;1447;1331;470
202012;11020412;11;02;04;12;2;6856;3354;3502;59;69;68;127;66;67;56;140;123;123;65;174;130;285;141;207;552;505;507;355;368;475;277;177;198;292;392;318;283;160;79;18;59;330;574;174;415;2635;929;1200;540
202012;11020513;11;02;05;13;2;3898;1887;2011;24;43;51;86;36;60;54;118;107;121;34;120;103;100;40;92;234;263;274;231;250;301;155;95;86;117;195;185;154;100;50;19;24;216;494;120;203;1384;551;583;323
202012;11020514;11;02;05;14;2;9897;4967;4930;126;138;112;261;102;94;93;178;186;160;62;208;238;449;257;498;1218;956;755;561;680;674;310;170;147;224;285;283;280;128;55;9;126;613;773;208;687;4925;1154;939;472
202012;11020515;11;02;05;15;2;15296;7359;7937;133;164;185;351;151;152;156;310;279;261;131;370;423;616;328;579;1336;1114;983;863;919;948;488;300;371;666;947;828;581;274;77;12;133;851;1289;370;1039;6122;1736;2812;944
202012;11020516;11;02;05;16;2;4125;2064;2061;49;57;52;105;46;36;32;71;65;54;33;87;87;114;61;119;403;345;285;218;287;352;200;117;111;147;172;163;141;79;37;0;49;260;291;87;201;1718;669;593;257
202012;11030617;11;03;06;17;2;6058;2975;3083;51;68;53;104;49;54;60;97;87;90;41;121;121;249;188;299;647;453;317;290;316;330;165;89;106;123;361;491;414;148;61;15;51;274;429;121;370;2510;584;1081;638
202012;11030618;11;03;06;18;2;16427;8034;8393;104;156;145;268;133;101;122;217;238;179;93;296;450;887;505;797;1640;1246;908;781;827;991;528;304;304;525;902;1163;1005;449;139;24;104;702;950;296;1337;6704;1823;2894;1617
202012;11030619;11;03;06;19;2;11266;5561;5705;92;112;147;228;109;104;99;204;172;162;100;224;225;539;303;536;1215;928;647;569;673;639;356;195;202;254;548;740;589;256;83;16;92;596;841;224;764;4871;1190;1744;944
202012;11030720;11;03;07;20;2;6359;3777;2582;68;77;78;117;53;41;51;73;75;49;20;62;180;558;369;542;929;664;471;320;339;351;157;91;67;106;104;72;102;89;60;24;68;325;309;62;738;3634;599;349;275
202012;11030721;11;03;07;21;2;25044;12521;12523;273;285;288;577;251;244;209;399;357;325;157;430;504;1243;825;1431;3243;2864;2154;1409;1424;1391;758;449;365;489;620;675;706;445;193;61;273;1401;1691;430;1747;13350;2598;2149;1405
202012;11030824;11;03;08;24;2;9956;4976;4980;70;96;90;197;87;96;77;152;189;160;66;193;253;611;352;443;1000;765;617;448;592;676;320;182;151;273;404;628;516;179;64;9;70;470;740;193;864;4217;1178;1456;768
202012;11040925;11;04;09;25;2;4218;2183;2035;43;60;72;139;67;43;64;79;76;73;30;122;110;143;110;193;571;594;534;335;302;205;68;39;37;30;31;29;9;4;6;0;43;338;365;122;253;2639;312;127;19
202012;11040926;11;04;09;26;2;29849;15033;14816;350;359;362;674;291;284;248;468;409;379;163;499;545;1360;975;1802;4453;3565;2544;1584;1496;1597;845;498;478;764;850;815;676;388;113;15;350;1686;1951;499;1905;16419;2940;2907;1192
202012;11041022;11;04;10;22;2;5824;3059;2765;50;52;55;62;40;44;31;65;80;59;27;110;126;388;253;396;775;473;343;251;272;302;158;93;106;126;127;310;407;194;46;3;50;209;306;110;514;2763;553;669;650
202012;11041023;11;04;10;23;2;6756;3369;3387;79;94;94;188;76;63;73;151;138;120;69;152;150;300;197;341;774;615;460;297;335;362;192;130;134;227;290;260;213;117;47;18;79;452;614;152;450;3019;684;911;395
202012;11041027;11;04;10;27;2;3195;1585;1610;24;29;26;79;34;30;29;55;45;40;18;62;77;160;81;154;342;273;189;136;156;201;95;75;88;101;151;137;135;95;56;22;24;168;217;62;237;1331;371;477;308
202012;11041128;11;04;11;28;2;27002;12835;14167;239;284;287;534;218;209;194;363;345;331;164;492;652;1321;758;1339;2403;1983;1429;1141;1333;1669;850;510;519;805;1303;1938;2037;952;339;61;239;1323;1606;492;1973;10386;3029;4565;3389
202012;11051229;11;05;12;29;2;4244;2121;2123;59;77;83;155;60;69;46;141;96;118;36;138;85;117;75;122;432;478;397;311;304;216;107;55;52;79;77;92;86;49;26;6;59;375;506;138;202;2119;378;300;167
202012;11051330;11;05;13;30;2;10346;5214;5132;115;166;175;302;134;126;110;181;191;163;60;183;222;578;390;576;1092;1147;818;543;638;618;328;168;170;215;263;264;232;117;51;10;115;777;831;183;800;5204;1114;912;410
202012;11051331;11;05;13;31;2;10640;5064;5576;96;118;123;277;127;144;120;247;219;192;88;284;222;290;147;246;820;901;812;670;828;840;396;253;209;319;374;471;490;198;92;27;96;645;1010;284;512;4424;1489;1373;807
202012;11051332;11;05;13;32;2;7252;3569;3683;57;56;62;199;97;128;111;214;253;207;87;219;194;228;96;177;469;617;727;588;560;554;216;126;120;165;197;210;166;100;39;13;57;414;1000;219;422;3234;896;692;318
202012;12103115;12;10;31;15;2;7702;3859;3843;79;77;55;165;37;66;56;113;102;106;40;148;191;456;271;439;745;570;474;482;557;584;289;170;157;194;310;288;288;131;44;18;79;334;483;148;647;3538;1043;949;481
202012;12103116;12;10;31;16;2;9986;5111;4875;96;114;119;205;118;106;102;184;171;200;103;282;329;554;345;524;958;784;651;632;684;761;337;176;168;241;295;264;266;120;76;21;96;556;866;282;883;4578;1274;968;483
202012;12103117;12;10;31;17;2;10985;5632;5353;114;139;160;257;117;114;94;229;184;182;100;289;317;576;404;684;1159;902;711;627;689;732;360;226;198;267;368;327;272;141;34;12;114;673;903;289;893;5176;1318;1160;459
202012;12103218;12;10;32;18;2;14057;7045;7012;120;150;151;301;137;133;124;234;226;199;109;325;400;824;498;804;1286;1029;766;758;979;1050;505;284;231;359;584;534;513;291;113;40;120;739;1025;325;1224;6120;1839;1708;957
202012;12103219;12;10;32;19;2;8869;4333;4536;92;93;98;172;76;78;72;153;143;123;55;196;201;477;257;535;815;670;498;502;533;618;321;180;191;229;387;382;360;214;107;41;92;439;624;196;678;3810;1119;1189;722
202012;12103220;12;10;32;20;2;4661;2314;2347;45;55;55;90;32;19;30;67;66;63;24;55;90;223;137;217;379;356;269;239;367;403;212;124;100;170;197;225;209;103;24;16;45;232;269;55;313;1964;739;692;352
202012;12214125;12;21;41;25;2;7783;4257;3526;59;77;64;154;52;79;76;142;128;121;48;164;195;345;194;293;567;503;555;527;628;643;312;167;178;249;417;375;277;159;26;9;59;347;594;164;540;3267;1122;1219;471
202012;12214126;12;21;41;26;2;8091;3882;4209;76;84;94;174;87;65;64;137;152;130;66;225;228;355;185;323;590;552;505;475;580;597;344;178;179;263;382;434;343;145;67;12;76;439;614;225;583;3210;1119;1258;567
202012;12214421;12;21;44;21;2;2753;1378;1375;18;27;31;40;21;35;10;52;39;49;18;64;54;126;58;148;248;210;189;186;211;206;140;55;59;61;125;106;98;48;18;3;18;119;203;64;180;1250;401;351;167
202012;12214422;12;21;44;22;2;8270;4173;4097;73;115;110;194;104;101;106;166;179;194;94;277;287;458;281;403;702;590;525;469;536;543;290;153;136;184;288;325;263;101;23;0;73;523;840;277;745;3506;986;933;387
202012;12214423;12;21;44;23;2;5667;2763;2904;48;41;40;96;51;51;45;93;69;68;49;122;135;263;168;240;433;356;308;299;373;446;241;136;118;184;335;354;325;130;50;0;48;228;375;122;398;2177;823;991;505
202012;12214424;12;21;44;24;2;11022;5643;5379;102;124;129;216;121;116;90;209;209;179;112;268;378;686;357;538;1021;816;706;619;778;828;388;238;220;323;386;378;312;130;30;15;102;590;915;268;1064;4835;1454;1307;487
202012;12214527;12;21;45;27;2;10959;5052;5907;86;115;96;171;70;76;69;124;124;138;58;168;225;378;263;441;823;710;580;589;779;866;442;221;245;395;673;760;657;342;195;80;86;452;589;168;603;4185;1529;2073;1274
202012;12214528;12;21;45;28;2;266;156;110;3;0;3;3;3;0;3;3;0;3;0;25;40;35;22;18;28;9;15;6;0;13;9;7;3;0;3;6;0;6;0;0;3;9;9;25;75;98;29;12;6
202012;12224229;12;22;42;29;2;6011;2901;3110;30;45;45;98;49;57;54;102;112;125;57;189;199;154;49;114;207;239;323;330;532;565;297;159;174;244;437;483;357;127;48;10;30;237;507;189;353;1794;1021;1338;542
202012;12224230;12;22;42;30;2;18099;8893;9206;95;145;145;378;175;172;161;355;342;357;141;497;514;530;195;313;775;925;933;1001;1516;1742;914;538;542;810;1195;1230;962;357;126;18;95;843;1528;497;1044;5658;3194;3777;1463
202012;12231101;12;23;11;01;2;16726;8063;8663;100;118;159;296;181;140;161;304;330;297;157;449;431;521;199;322;690;812;844;1004;1332;1512;731;444;475;670;1164;1322;979;389;161;32;100;754;1389;449;952;5203;2687;3631;1561
202012;12231102;12;23;11;02;2;16689;8018;8671;87;103;157;312;155;154;179;342;349;373;176;524;488;490;170;243;491;717;878;1034;1401;1459;734;440;433;620;1124;1331;1025;450;184;66;87;727;1573;524;978;4934;2633;3508;1725
202012;12301203;12;30;12;03;2;15001;7673;7328;91;112;129;251;116;117;110;196;223;187;79;291;414;708;386;639;1072;962;800;827;1093;1226;574;358;351;503;740;949;886;419;151;41;91;608;912;291;1122;5779;2158;2543;1497
202012;12301204;12;30;12;04;2;6434;3137;3297;31;45;58;113;51;65;52;124;94;98;57;180;184;293;117;206;345;318;316;330;515;591;329;182;159;217;394;428;324;154;56;8;31;267;490;180;477;2147;1102;1198;542
202012;12301205;12;30;12;05;2;5166;2480;2686;41;57;49;103;51;36;48;93;91;89;52;126;164;183;90;157;321;298;283;298;426;391;223;128;140;197;292;321;231;121;54;12;41;260;409;126;347;1873;742;950;418
202012;12301206;12;30;12;06;2;5160;2552;2608;24;30;46;111;51;52;49;102;125;105;57;145;153;152;74;95;209;300;281;332;441;447;265;147;152;222;324;325;229;81;34;0;24;238;490;145;305;1732;859;1023;344
202012;12302107;12;30;21;07;2;3065;1498;1567;18;21;30;63;21;24;21;54;52;61;21;94;99;135;62;99;174;150;154;162;227;234;157;68;76;121;203;210;161;72;21;0;18;135;233;94;234;1028;459;610;254
202012;12302108;12;30;21;08;2;14788;7100;7688;137;182;153;392;185;184;205;339;343;385;179;564;520;660;349;519;912;846;836;834;910;900;486;270;252;469;814;855;664;310;104;30;137;912;1635;564;1180;5206;1656;2390;1108
202012;12302109;12;30;21;09;2;11610;5688;5922;118;136;159;330;166;161;156;363;342;323;149;445;398;505;270;459;848;775;746;654;646;702;349;208;199;304;503;460;434;203;86;13;118;791;1494;445;903;4398;1259;1466;736
202012;12302110;12;30;21;10;2;10656;5211;5445;108;125;149;269;171;153;155;341;354;315;158;456;461;544;250;430;735;685;607;609;685;609;332;190;166;229;400;427;343;143;39;18;108;714;1476;456;1005;4001;1131;1222;543
202012;12302211;12;30;22;11;2;3310;1629;1681;24;22;27;49;19;15;19;39;24;42;27;69;74;139;66;95;185;151;136;175;260;325;148;94;101;135;227;280;216;93;24;10;24;117;166;69;213;1068;567;743;343
202012;12302212;12;30;22;12;2;5922;2961;2961;67;90;92;186;83;91;82;181;164;162;93;242;224;289;147;215;383;398;354;351;369;352;172;104;99;128;228;260;196;90;24;6;67;451;773;242;513;2217;628;715;316
202012;12304313;12;30;43;13;2;6750;3399;3351;63;57;67;123;56;45;47;92;92;80;50;128;142;342;207;342;600;429;378;383;562;597;282;159;176;201;307;343;238;122;40;0;63;303;406;128;484;2901;1038;1027;400
202012;12304314;12;30;43;14;2;9665;4482;5183;62;67;75;139;87;67;60;127;146;137;48;191;218;396;192;363;585;574;503;525;811;865;418;231;229;393;600;694;488;246;102;26;62;368;585;191;614;3553;1514;1916;862
